name,TotalRevenue,	OperatingRevenue,CostOfRevenue,GrossProfit,OperatingExpense,	SellingGeneralAndAdministration,	ResearchAndDevelopment,	DepreciationAmortizationDepletionIncomeStatement,		DepreciationAndAmortizationInIncomeStatement,	OtherOperatingExpenses,OperatingIncome,NetNonOperatingInterestIncomeExpense,	InterestIncomeNonOperating,	InterestExpenseNonOperating,	TotalOtherFinanceCost,OtherIncomeExpense,	GainOnSaleOfSecurity,	SpecialIncomeCharges,		RestructuringAndMergernAcquisition,		OtherSpecialCharges,	OtherNonOperatingIncomeExpenses,PretaxIncome,TaxProvision,NetIncomeCommonStockholders,	NetIncome,		NetIncomeIncludingNoncontrollingInterests,			NetIncomeContinuousOperations,			NetIncomeExtraordinary,			NetIncomeFromTaxLossCarryforward,DilutedNIAvailtoComStockholders,BasicEPS,DilutedEPS,BasicAverageShares,DilutedAverageShares,TotalOperatingIncomeAsReported,TotalExpenses,NetIncomeFromContinuingAndDiscontinuedOperation,NormalizedIncome,InterestIncome,InterestExpense,NetInterestIncome,EBIT,EBITDA,ReconciledCostOfRevenue,ReconciledDepreciation,NetIncomeFromContinuingOperationNetMinorityInterest,TotalUnusualItemsExcludingGoodwill,TotalUnusualItems,NormalizedEBITDA,TaxRateForCalcs,TaxEffectOfUnusualItems
ttm,"387,537,000,000","387,537,000,000","220,666,000,000","166,871,000,000","52,906,000,000","25,252,000,000","27,654,000,000",,,,"113,965,000,000","-197,000,000","3,043,000,000","3,240,000,000",,"-283,000,000",,,,,"-283,000,000","113,485,000,000","18,314,000,000","95,171,000,000","95,171,000,000","95,171,000,000","95,171,000,000",,,"95,171,000,000",,,,,"113,965,000,000","273,572,000,000","95,171,000,000","95,171,000,000","3,043,000,000","3,240,000,000","-197,000,000","116,725,000,000","128,048,000,000","220,666,000,000","11,323,000,000","95,171,000,000",,,"128,048,000,000",0.161,0
12/31/2022,"117,154,000,000","117,154,000,000","66,822,000,000","50,332,000,000","14,316,000,000","6,607,000,000","7,709,000,000",,,,"36,016,000,000","-135,000,000","868,000,000","1,003,000,000",,"-258,000,000",,,,,"-258,000,000","35,623,000,000","5,625,000,000","29,998,000,000","29,998,000,000","29,998,000,000","29,998,000,000",,,"29,998,000,000",1.89,1.88,"15,892,723,000","15,955,718,000","36,016,000,000","81,138,000,000","29,998,000,000","29,998,000,000","868,000,000","1,003,000,000","-135,000,000","36,626,000,000",,"66,822,000,000","2,916,000,000","29,998,000,000",,,"39,542,000,000",0.158,0
09/30/2022,"90,146,000,000","90,146,000,000","52,051,000,000","38,095,000,000","13,201,000,000","6,440,000,000","6,761,000,000",,,,"24,894,000,000","-74,000,000","753,000,000","827,000,000",,"-163,000,000",,,,,"-163,000,000","24,657,000,000","3,936,000,000","20,721,000,000","20,721,000,000","20,721,000,000","20,721,000,000",,,"20,721,000,000",1.29,1.29,"16,030,382,000","16,118,465,000","24,894,000,000","65,252,000,000","20,721,000,000","20,721,000,000","753,000,000","827,000,000","-74,000,000","25,484,000,000",,"52,051,000,000","2,865,000,000","20,721,000,000",,,"28,349,000,000",0.16,0
06/30/2022,"82,959,000,000","82,959,000,000","47,074,000,000","35,885,000,000","12,809,000,000","6,012,000,000","6,797,000,000",,,,"23,076,000,000","3,000,000","722,000,000","719,000,000",,"-13,000,000",,,,,"-13,000,000","23,066,000,000","3,624,000,000","19,442,000,000","19,442,000,000","19,442,000,000","19,442,000,000",,,"19,442,000,000",1.2,1.2,"16,162,945,000","16,262,203,000","23,076,000,000","59,883,000,000","19,442,000,000","19,442,000,000","722,000,000","719,000,000","3,000,000","23,785,000,000",,"47,074,000,000","2,805,000,000","19,442,000,000",,,"26,590,000,000",0.157,0
03/31/2022,"97,278,000,000","97,278,000,000","54,719,000,000","42,559,000,000","12,580,000,000","6,193,000,000","6,387,000,000",,,,"29,979,000,000","9,000,000","700,000,000","691,000,000",,"151,000,000",,,,,"151,000,000","30,139,000,000","5,129,000,000","25,010,000,000","25,010,000,000","25,010,000,000","25,010,000,000",,,"25,010,000,000",1.54,1.52,"16,278,802,000","16,403,316,000","29,979,000,000","67,299,000,000","25,010,000,000","25,010,000,000","700,000,000","691,000,000","9,000,000","30,830,000,000",,"54,719,000,000","2,737,000,000","25,010,000,000",,,"33,567,000,000",0.17,0
12/31/2021,"123,945,000,000","123,945,000,000","69,702,000,000","54,243,000,000","12,755,000,000","6,449,000,000","6,306,000,000",,,,"41,488,000,000","-44,000,000","650,000,000","694,000,000",,"-203,000,000",,,,,"-203,000,000","41,241,000,000","6,611,000,000","34,630,000,000","34,630,000,000","34,630,000,000","34,630,000,000",,,"34,630,000,000",2.11,2.1,"16,391,724,000","16,519,291,000","41,488,000,000","82,457,000,000","34,630,000,000","34,630,000,000","650,000,000","694,000,000","-44,000,000","41,935,000,000",,"69,702,000,000","2,697,000,000","34,630,000,000",,,"44,632,000,000",0.16,0
09/30/2021,"83,360,000,000","83,360,000,000","48,186,000,000","35,174,000,000","11,388,000,000","5,616,000,000","5,772,000,000",,,,"23,786,000,000","-13,000,000","659,000,000","672,000,000",,"-525,000,000",,,,,"-525,000,000","23,248,000,000","2,697,000,000","20,551,000,000","20,551,000,000","20,551,000,000","20,551,000,000",,,"20,551,000,000",1.25,1.24,"16,487,121,000","16,635,097,000","23,786,000,000","59,574,000,000","20,551,000,000","20,551,000,000","659,000,000","672,000,000","-13,000,000","23,920,000,000",,"48,186,000,000","2,989,000,000","20,551,000,000",,,"26,909,000,000",0.116,0
06/30/2021,"81,434,000,000","81,434,000,000","46,179,000,000","35,255,000,000","11,129,000,000","5,412,000,000","5,717,000,000",,,,"24,126,000,000","54,000,000","719,000,000","665,000,000",,"189,000,000",,,,,"189,000,000","24,369,000,000","2,625,000,000","21,744,000,000","21,744,000,000","21,744,000,000","21,744,000,000",,,"21,744,000,000",1.31,1.3,"16,629,371,000","16,781,735,000","24,126,000,000","57,308,000,000","21,744,000,000","21,744,000,000","719,000,000","665,000,000","54,000,000","25,034,000,000",,"46,179,000,000","2,832,000,000","21,744,000,000",,,"27,866,000,000",0.108,0
03/31/2021,"89,584,000,000","89,584,000,000","51,505,000,000","38,079,000,000","10,576,000,000","5,314,000,000","5,262,000,000",,,,"27,503,000,000","48,000,000","718,000,000","670,000,000",,"460,000,000",,,,,"460,000,000","28,011,000,000","4,381,000,000","23,630,000,000","23,630,000,000","23,630,000,000","23,630,000,000",,,"23,630,000,000",1.41,1.4,"16,753,476,000","16,929,157,000","27,503,000,000","62,081,000,000","23,630,000,000","23,630,000,000","718,000,000","670,000,000","48,000,000","28,681,000,000",,"51,505,000,000","2,797,000,000","23,630,000,000",,,"31,478,000,000",0.156,0
12/31/2020,"111,439,000,000","111,439,000,000","67,111,000,000","44,328,000,000","10,794,000,000","5,631,000,000","5,163,000,000",,,,"33,534,000,000","109,000,000","747,000,000","638,000,000",,"-64,000,000",,,,,"-64,000,000","33,579,000,000","4,824,000,000","28,755,000,000","28,755,000,000","28,755,000,000","28,755,000,000",,,"28,755,000,000",1.7,1.68,"16,935,119,000","17,113,688,000","33,534,000,000","77,905,000,000","28,755,000,000","28,755,000,000","747,000,000","638,000,000","109,000,000","34,217,000,000",,"67,111,000,000","2,666,000,000","28,755,000,000",,,"36,883,000,000",0.144,0
09/30/2020,"64,698,000,000","64,698,000,000","40,009,000,000","24,689,000,000","9,914,000,000","4,936,000,000","4,978,000,000",,,,"14,775,000,000","134,000,000","768,000,000","634,000,000",,"-8,000,000",,,,,"-8,000,000","14,901,000,000","2,228,000,000","12,673,000,000","12,673,000,000","12,673,000,000","12,673,000,000",,,"12,673,000,000",0.74,0.73,"17,057,622,000","17,256,521,000","14,775,000,000","49,923,000,000","12,673,000,000","12,673,000,000","768,000,000","634,000,000","134,000,000","15,535,000,000",,"40,009,000,000","2,702,000,000","12,673,000,000",,,"18,237,000,000",0.15,0
06/30/2020,"59,685,000,000","59,685,000,000","37,005,000,000","22,680,000,000","9,589,000,000","4,831,000,000","4,758,000,000",,,,"13,091,000,000","204,000,000","901,000,000","697,000,000",,"-158,000,000",,,,,"-158,000,000","13,137,000,000","1,884,000,000","11,253,000,000","11,253,000,000","11,253,000,000","11,253,000,000",,,"11,253,000,000",0.653,0.645,"17,250,292,000","17,419,152,000","13,091,000,000","46,594,000,000","11,253,000,000","11,253,000,000","901,000,000","697,000,000","204,000,000","13,834,000,000",,"37,005,000,000","2,752,000,000","11,253,000,000",,,"16,586,000,000",0.143,0
03/31/2020,"58,313,000,000","58,313,000,000","35,943,000,000","22,370,000,000","9,517,000,000","4,952,000,000","4,565,000,000",,,,"12,853,000,000","292,000,000","1,049,000,000","757,000,000",,"-10,000,000",,,,,"-10,000,000","13,135,000,000","1,886,000,000","11,249,000,000","11,249,000,000","11,249,000,000","11,249,000,000",,,"11,249,000,000",0.645,0.638,"17,440,404,000","17,618,764,000","12,853,000,000","45,460,000,000","11,249,000,000","11,249,000,000","1,049,000,000","757,000,000","292,000,000","13,892,000,000",,"35,943,000,000","2,786,000,000","11,249,000,000",,,"16,678,000,000",0.144,0
12/31/2019,"91,819,000,000","91,819,000,000","56,602,000,000","35,217,000,000","9,648,000,000","5,197,000,000","4,451,000,000",,,,"25,569,000,000","260,000,000","1,045,000,000","785,000,000",,"89,000,000",,,,,"89,000,000","25,918,000,000","3,682,000,000","22,236,000,000","22,236,000,000","22,236,000,000","22,236,000,000",,,"22,236,000,000",1.26,1.248,"17,660,160,000","17,818,416,000","25,569,000,000","66,250,000,000","22,236,000,000","22,236,000,000","1,045,000,000","785,000,000","260,000,000","26,703,000,000",,"56,602,000,000","2,816,000,000","22,236,000,000",,,"29,519,000,000",0.142,0
09/30/2019,"64,040,000,000","64,040,000,000","39,727,000,000","24,313,000,000","8,688,000,000","4,578,000,000","4,110,000,000",,,,"15,625,000,000","296,000,000","1,106,000,000","810,000,000",,"206,000,000",,,,,"206,000,000","16,127,000,000","2,441,000,000","13,686,000,000","13,686,000,000","13,686,000,000","13,686,000,000",,,"13,686,000,000",0.763,0.758,"17,963,248,000","18,081,492,000","15,625,000,000","48,415,000,000","13,686,000,000","13,686,000,000","1,106,000,000","810,000,000","296,000,000","16,937,000,000",,"39,727,000,000","3,179,000,000","13,686,000,000",,,"20,116,000,000",0.151,0
06/30/2019,"53,809,000,000","53,809,000,000","33,582,000,000","20,227,000,000","8,683,000,000","4,426,000,000","4,257,000,000",,,,"11,544,000,000","324,000,000","1,190,000,000","866,000,000",,"43,000,000",,,,,"43,000,000","11,911,000,000","1,867,000,000","10,044,000,000","10,044,000,000","10,044,000,000","10,044,000,000",,,"10,044,000,000",0.55,0.545,"18,282,532,000","18,405,520,000","11,544,000,000","42,265,000,000","10,044,000,000","10,044,000,000","1,190,000,000","866,000,000","324,000,000","12,777,000,000",,"33,582,000,000","2,933,000,000","10,044,000,000",,,"15,710,000,000",0.157,0
03/31/2019,"58,015,000,000","58,015,000,000","36,194,000,000","21,821,000,000","8,406,000,000","4,458,000,000","3,948,000,000",,,,"13,415,000,000","348,000,000","1,358,000,000","1,010,000,000",,"30,000,000",,,,,"30,000,000","13,793,000,000","2,232,000,000","11,561,000,000","11,561,000,000","11,561,000,000","11,561,000,000",,,"11,561,000,000",0.618,0.615,"18,696,284,000","18,802,584,000","13,415,000,000","44,600,000,000","11,561,000,000","11,561,000,000","1,358,000,000","1,010,000,000","348,000,000","14,803,000,000",,"36,194,000,000","3,040,000,000","11,561,000,000",,,"17,843,000,000",0.162,0
12/31/2018,"84,310,000,000","84,310,000,000","52,279,000,000","32,031,000,000","8,685,000,000","4,783,000,000","3,902,000,000",,,,"23,346,000,000","417,000,000","1,307,000,000","890,000,000",,"143,000,000",,,,,"143,000,000","23,906,000,000","3,941,000,000","19,965,000,000","19,965,000,000","19,965,000,000","19,965,000,000",,,"19,965,000,000",1.055,1.045,"18,943,280,000","19,093,008,000","23,346,000,000","60,964,000,000","19,965,000,000","19,965,000,000","1,307,000,000","890,000,000","417,000,000","24,796,000,000",,"52,279,000,000","3,395,000,000","19,965,000,000",,,"28,191,000,000",0.165,0
09/30/2018,"62,900,000,000","62,900,000,000","38,816,000,000","24,084,000,000","7,966,000,000","4,216,000,000","3,750,000,000",,,,"16,118,000,000","443,000,000","1,311,000,000","868,000,000",,"-140,000,000",,,,,"-140,000,000","16,421,000,000","2,296,000,000","14,125,000,000","14,125,000,000","14,125,000,000","14,125,000,000",,,"14,125,000,000",0.735,0.728,"19,206,356,000","19,390,188,000","16,118,000,000","46,782,000,000","14,125,000,000","14,125,000,000","1,311,000,000","868,000,000","443,000,000","17,289,000,000",,"38,816,000,000","2,754,000,000","14,125,000,000",,,"20,043,000,000",0.14,0
06/30/2018,"53,265,000,000","53,265,000,000","32,844,000,000","20,421,000,000","7,809,000,000","4,108,000,000","3,701,000,000",,,,"12,612,000,000","572,000,000","1,418,000,000","846,000,000",,"100,000,000",,,,,"100,000,000","13,284,000,000","1,765,000,000","11,519,000,000","11,519,000,000","11,519,000,000","11,519,000,000",,,"11,519,000,000",0.59,0.585,"19,528,668,000","19,706,436,000","12,612,000,000","40,653,000,000","11,519,000,000","11,519,000,000","1,418,000,000","846,000,000","572,000,000","14,130,000,000",,"32,844,000,000","2,665,000,000","11,519,000,000",,,"16,795,000,000",0.133,0
03/31/2018,"61,137,000,000","61,137,000,000","37,715,000,000","23,422,000,000","7,528,000,000","4,150,000,000","3,378,000,000",,,,"15,894,000,000","713,000,000","1,505,000,000","792,000,000",,"-439,000,000",,,,,"-439,000,000","16,168,000,000","2,346,000,000","13,822,000,000","13,822,000,000","13,822,000,000","13,822,000,000",,,"13,822,000,000",0.688,0.683,"20,099,508,000","20,273,972,000","15,894,000,000","45,243,000,000","13,822,000,000","13,822,000,000","1,505,000,000","792,000,000","713,000,000","16,960,000,000",,"37,715,000,000","2,739,000,000","13,822,000,000",,,"19,699,000,000",0.145,0
12/31/2017,"88,293,000,000","88,293,000,000","54,381,000,000","33,912,000,000","7,638,000,000","4,231,000,000","3,407,000,000",,,,"26,274,000,000","718,000,000","1,452,000,000","734,000,000",,"38,000,000",,,,,"38,000,000","27,030,000,000","6,965,000,000","20,065,000,000","20,065,000,000","20,065,000,000","20,065,000,000",,,"20,065,000,000",0.98,0.973,"20,451,508,000","20,631,148,000","26,274,000,000","62,019,000,000","20,065,000,000","20,065,000,000","1,452,000,000","734,000,000","718,000,000","27,764,000,000",,"54,381,000,000","2,745,000,000","20,065,000,000",,,"30,509,000,000",0.258,0
09/30/2017,"52,579,000,000","52,579,000,000","32,648,000,000","19,931,000,000","6,811,000,000","3,814,000,000","2,997,000,000",,,,"13,120,000,000","702,000,000","1,368,000,000","666,000,000",,"95,000,000",,,,,"95,000,000","13,917,000,000","3,203,000,000","10,714,000,000","10,714,000,000","10,714,000,000","10,714,000,000",,,"10,714,000,000",0.52,0.518,"20,597,712,000","20,734,340,000","13,120,000,000","39,459,000,000","10,714,000,000","10,714,000,000","1,368,000,000","666,000,000","702,000,000","14,583,000,000",,"32,648,000,000","2,484,000,000","10,714,000,000",,,"17,067,000,000",0.23,0
06/30/2017,"45,408,000,000","45,408,000,000","27,920,000,000","17,488,000,000","6,720,000,000","3,783,000,000","2,937,000,000",,,,"10,768,000,000","725,000,000","1,327,000,000","602,000,000",,"-185,000,000",,,,,"-185,000,000","11,308,000,000","2,591,000,000","8,717,000,000","8,717,000,000","8,717,000,000","8,717,000,000",,,"8,717,000,000",0.42,0.418,"20,780,352,000","20,933,996,000","10,768,000,000","34,640,000,000","8,717,000,000","8,717,000,000","1,327,000,000","602,000,000","725,000,000","11,910,000,000",,"27,920,000,000","2,354,000,000","8,717,000,000",,,"14,264,000,000",0.229,0
03/31/2017,"52,896,000,000","52,896,000,000","32,305,000,000","20,591,000,000","6,494,000,000","3,718,000,000","2,776,000,000",,,,"14,097,000,000","752,000,000","1,282,000,000","530,000,000",,"-165,000,000",,,,,"-165,000,000","14,684,000,000","3,655,000,000","11,029,000,000","11,029,000,000","11,029,000,000","11,029,000,000",,,"11,029,000,000",0.528,0.525,"20,903,164,000","21,046,752,000","14,097,000,000","38,799,000,000","11,029,000,000","11,029,000,000","1,282,000,000","530,000,000","752,000,000","15,214,000,000",,"32,305,000,000","2,332,000,000","11,029,000,000",,,"17,546,000,000",0.249,0
12/31/2016,"78,351,000,000","78,351,000,000","48,175,000,000","30,176,000,000","6,817,000,000","3,946,000,000","2,871,000,000",,,,"23,359,000,000","699,000,000","1,224,000,000","525,000,000",,"122,000,000",,,,,"122,000,000","24,180,000,000","6,289,000,000","17,891,000,000","17,891,000,000","17,891,000,000","17,891,000,000",,,"17,891,000,000",0.845,0.84,"21,194,644,000","21,311,980,000","23,359,000,000","54,992,000,000","17,891,000,000","17,891,000,000","1,224,000,000","525,000,000","699,000,000","24,705,000,000",,"48,175,000,000","2,987,000,000","17,891,000,000",,,"27,692,000,000",0.26,0
09/30/2016,"46,852,000,000","46,852,000,000","29,039,000,000","17,813,000,000","6,052,000,000","3,482,000,000","2,570,000,000",,,,"11,761,000,000","586,000,000","1,036,000,000","450,000,000",,"-159,000,000",,,,,"-159,000,000","12,188,000,000","3,174,000,000","9,014,000,000","9,014,000,000","9,014,000,000","9,014,000,000",,,"9,014,000,000",0.42,0.418,"21,467,648,000","21,573,332,000","11,761,000,000","35,091,000,000","9,014,000,000","9,014,000,000","1,036,000,000","450,000,000","586,000,000","12,638,000,000",,"29,039,000,000","2,548,000,000","9,014,000,000",,,"15,186,000,000",0.26,0
06/30/2016,"42,358,000,000","42,358,000,000","26,252,000,000","16,106,000,000","6,001,000,000","3,441,000,000","2,560,000,000",,,,"10,105,000,000","627,000,000","1,036,000,000","409,000,000",,"-263,000,000",,,,,"-263,000,000","10,469,000,000","2,673,000,000","7,796,000,000","7,796,000,000","7,796,000,000","7,796,000,000",,,"7,796,000,000",0.358,0.355,"21,772,232,000","21,891,124,000","10,105,000,000","32,253,000,000","7,796,000,000","7,796,000,000","1,036,000,000","409,000,000","627,000,000","10,878,000,000",,"26,252,000,000","2,526,000,000","7,796,000,000",,,"13,404,000,000",0.255,0
03/31/2016,"50,557,000,000","50,557,000,000","30,636,000,000","19,921,000,000","5,934,000,000","3,423,000,000","2,511,000,000",,,,"13,987,000,000","665,000,000","986,000,000","321,000,000",,"-510,000,000",,,,,"-510,000,000","14,142,000,000","3,626,000,000","10,516,000,000","10,516,000,000","10,516,000,000","10,516,000,000",,,"10,516,000,000",0.478,0.475,"22,057,524,000","22,163,544,000","13,987,000,000","36,570,000,000","10,516,000,000","10,516,000,000","986,000,000","321,000,000","665,000,000","14,463,000,000",,"30,636,000,000","2,477,000,000","10,516,000,000",,,"16,940,000,000",0.256,0
12/31/2015,"75,872,000,000","75,872,000,000","45,449,000,000","30,423,000,000","6,252,000,000","3,848,000,000","2,404,000,000",,,,"24,171,000,000","665,000,000","941,000,000","276,000,000",,"-263,000,000",,,,,"-263,000,000","24,573,000,000","6,212,000,000","18,361,000,000","18,361,000,000","18,361,000,000","18,361,000,000",,,"18,361,000,000",0.825,0.82,"22,235,720,000","22,376,508,000","24,171,000,000","51,701,000,000","18,361,000,000","18,361,000,000","941,000,000","276,000,000","665,000,000","24,849,000,000",,"45,449,000,000","2,954,000,000","18,361,000,000",,,"27,803,000,000",0.253,0
09/30/2015,"51,501,000,000","51,501,000,000","30,953,000,000","20,548,000,000","5,925,000,000","3,705,000,000","2,220,000,000",,,,"14,623,000,000","588,000,000","826,000,000","238,000,000",,"-149,000,000",,,,,"-149,000,000","15,062,000,000","3,938,000,000","11,124,000,000","11,124,000,000","11,124,000,000","11,124,000,000",,,"11,124,000,000",0.493,0.49,"22,587,664,000","22,730,076,000","14,623,000,000","36,878,000,000","11,124,000,000","11,124,000,000","826,000,000","238,000,000","588,000,000","15,300,000,000",,"30,953,000,000","3,119,000,000","11,124,000,000",,,"18,419,000,000",0.261,0
06/30/2015,"49,605,000,000","49,605,000,000","29,924,000,000","19,681,000,000","5,598,000,000","3,564,000,000","2,034,000,000",,,,"14,083,000,000","565,000,000","766,000,000","201,000,000",,"-175,000,000",,,,,"-175,000,000","14,473,000,000","3,796,000,000","10,677,000,000","10,677,000,000","10,677,000,000","10,677,000,000",,,"10,677,000,000",0.465,0.463,"22,919,544,000","23,092,396,000","14,083,000,000","35,522,000,000","10,677,000,000","10,677,000,000","766,000,000","201,000,000","565,000,000","14,674,000,000",,"29,924,000,000","3,084,000,000","10,677,000,000",,,"17,758,000,000",0.262,0
03/31/2015,"58,010,000,000","58,010,000,000","34,354,000,000","23,656,000,000","5,378,000,000","3,460,000,000","1,918,000,000",,,,"18,278,000,000","512,000,000","675,000,000","163,000,000",,"-226,000,000",,,,,"-226,000,000","18,564,000,000","4,995,000,000","13,569,000,000","13,569,000,000","13,569,000,000","13,569,000,000",,,"13,569,000,000",0.585,0.583,"23,175,196,000","23,339,432,000","18,278,000,000","39,732,000,000","13,569,000,000","13,569,000,000","675,000,000","163,000,000","512,000,000","18,727,000,000",,"34,354,000,000","2,479,000,000","13,569,000,000",,,"21,206,000,000",0.269,0
12/31/2014,"74,599,000,000","74,599,000,000","44,858,000,000","29,741,000,000","5,495,000,000","3,600,000,000","1,895,000,000",,,,"24,246,000,000","523,000,000","654,000,000","131,000,000",,"-353,000,000",,,,,"-353,000,000","24,416,000,000","6,392,000,000","18,024,000,000","18,024,000,000","18,024,000,000","18,024,000,000",,,"18,024,000,000",0.77,0.765,"23,372,328,000","23,527,212,000","24,246,000,000","50,353,000,000","18,024,000,000","18,024,000,000","654,000,000","131,000,000","523,000,000","24,547,000,000",,"44,858,000,000","2,575,000,000","18,024,000,000",,,"27,122,000,000",0.262,0
09/30/2014,"42,123,000,000","42,123,000,000","26,114,000,000","16,009,000,000","4,844,000,000","3,158,000,000","1,686,000,000",,,,"11,165,000,000","404,000,000","519,000,000","115,000,000",,"-97,000,000",,,,,"-97,000,000","11,472,000,000","3,005,000,000","8,467,000,000","8,467,000,000","8,467,000,000","8,467,000,000",,,"8,467,000,000",0.358,0.355,"23,735,380,000","23,888,328,000","11,165,000,000","30,958,000,000","8,467,000,000","8,467,000,000","519,000,000","115,000,000","404,000,000","11,587,000,000",,"26,114,000,000","1,969,000,000","8,467,000,000",,,"13,556,000,000",0.262,0
06/30/2014,"37,432,000,000","37,432,000,000","22,697,000,000","14,735,000,000","4,453,000,000","2,850,000,000","1,603,000,000",,,,"10,282,000,000","339,000,000","439,000,000","100,000,000",,"-137,000,000",,,,,"-137,000,000","10,484,000,000","2,736,000,000","7,748,000,000","7,748,000,000","7,748,000,000","7,748,000,000",,,"7,748,000,000",0.323,0.32,"24,050,540,000","24,206,844,000","10,282,000,000","27,150,000,000","7,748,000,000","7,748,000,000","439,000,000","100,000,000","339,000,000","10,584,000,000",,"22,697,000,000","1,946,000,000","7,748,000,000",,,"12,530,000,000",0.261,0
03/31/2014,"45,646,000,000","45,646,000,000","27,699,000,000","17,947,000,000","4,354,000,000","2,932,000,000","1,422,000,000",,,,"13,593,000,000","325,000,000","410,000,000","85,000,000",,"-100,000,000",,,,,"-100,000,000","13,818,000,000","3,595,000,000","10,223,000,000","10,223,000,000","10,223,000,000","10,223,000,000",,,"10,223,000,000",0.418,0.415,"24,493,196,000","24,626,784,000","13,593,000,000","32,053,000,000","10,223,000,000","10,223,000,000","410,000,000","85,000,000","325,000,000","13,903,000,000",,"27,699,000,000","1,887,000,000","10,223,000,000",,,"15,790,000,000",0.26,0
12/31/2013,"57,594,000,000","57,594,000,000","35,748,000,000","21,846,000,000","4,383,000,000","3,053,000,000","1,330,000,000",,,,"17,463,000,000","343,000,000","427,000,000","84,000,000",,"-97,000,000",,,,,"-97,000,000","17,709,000,000","4,637,000,000","13,072,000,000","13,072,000,000","13,072,000,000","13,072,000,000",,,"13,072,000,000",0.521,0.518,"25,090,016,000","25,240,656,000","17,463,000,000","40,131,000,000","13,072,000,000","13,072,000,000","427,000,000","84,000,000","343,000,000","17,793,000,000",,"35,748,000,000","2,144,000,000","13,072,000,000",,,"19,937,000,000",0.262,0
09/30/2013,"37,472,000,000","37,472,000,000","23,601,000,000","13,871,000,000","3,841,000,000","2,673,000,000","1,168,000,000",,,,"10,030,000,000","307,000,000","390,000,000","83,000,000",,"-194,000,000",,,,,"-194,000,000","10,143,000,000","2,631,000,000","7,512,000,000","7,512,000,000","7,512,000,000","7,512,000,000",,,"7,512,000,000",0.297,0.295,"25,316,564,000","25,455,668,000","10,030,000,000","27,442,000,000","7,512,000,000","7,512,000,000","390,000,000","83,000,000","307,000,000","10,226,000,000",,"23,601,000,000","1,783,000,000","7,512,000,000",,,"12,009,000,000",0.259,0
06/30/2013,"35,323,000,000","35,323,000,000","22,299,000,000","13,024,000,000","3,823,000,000","2,645,000,000","1,178,000,000",,,,"9,201,000,000","332,000,000","385,000,000","53,000,000",,"-98,000,000",,,,,"-98,000,000","9,435,000,000","2,535,000,000","6,900,000,000","6,900,000,000","6,900,000,000","6,900,000,000",,,"6,900,000,000",0.268,0.267,"25,721,304,000","25,879,420,000","9,201,000,000","26,122,000,000","6,900,000,000","6,900,000,000","385,000,000","53,000,000","332,000,000","9,488,000,000",,"22,299,000,000","1,694,000,000","6,900,000,000",,,"11,182,000,000",0.269,0
03/31/2013,"43,603,000,000","43,603,000,000","27,254,000,000","16,349,000,000","3,791,000,000","2,672,000,000","1,119,000,000",,,,"12,558,000,000","420,000,000","420,000,000",,,"-73,000,000",,,,,"-73,000,000","12,905,000,000","3,358,000,000","9,547,000,000","9,547,000,000","9,547,000,000","9,547,000,000",,,"9,547,000,000",0.363,0.36,"26,309,612,000","26,488,980,000","12,558,000,000","31,045,000,000","9,547,000,000","9,547,000,000","420,000,000",,"420,000,000","12,558,000,000",,"27,254,000,000","1,692,000,000","9,547,000,000",,,"14,250,000,000",0.26,0
12/31/2012,"54,512,000,000","54,512,000,000","33,452,000,000","21,060,000,000","3,850,000,000","2,840,000,000","1,010,000,000",,,,"17,210,000,000","421,000,000","421,000,000",,,"41,000,000",,,,,"41,000,000","17,672,000,000","4,594,000,000","13,078,000,000","13,078,000,000","13,078,000,000","13,078,000,000",,,"13,078,000,000",0.498,0.493,"26,289,648,000","26,522,076,000","17,210,000,000","37,302,000,000","13,078,000,000","13,078,000,000","421,000,000",,"421,000,000","17,210,000,000",,"33,452,000,000","1,588,000,000","13,078,000,000",,,"18,798,000,000",0.26,0
09/30/2012,"35,966,000,000","35,966,000,000","21,565,000,000","14,401,000,000","3,457,000,000","2,551,000,000","906,000,000",,,,"10,944,000,000",,,,,"-1,139,000,000",,,,,"-1,139,000,000","10,893,000,000","2,670,000,000","8,223,000,000","8,223,000,000","8,223,000,000","8,223,000,000",,,"8,223,000,000",0.313,0.31,"26,273,604,000","26,549,208,000","10,944,000,000","25,022,000,000","8,223,000,000","8,223,000,000",,,,"10,944,000,000",,"21,565,000,000","981,000,000","8,223,000,000",,,"11,925,000,000",0.245,0
06/30/2012,"35,023,000,000","35,023,000,000","20,029,000,000","14,994,000,000","3,421,000,000","2,545,000,000","876,000,000",,,,"11,573,000,000",,,,,"288,000,000",,"288,000,000",,,"288,000,000","11,861,000,000","3,037,000,000","8,824,000,000","8,824,000,000","8,824,000,000","8,824,000,000",,,"8,824,000,000",0.336,0.333,"26,224,688,000","26,517,652,000","11,573,000,000","23,450,000,000","8,824,000,000","8,824,000,000",,,,"11,573,000,000",,"20,029,000,000","835,000,000","8,824,000,000","288,000,000","288,000,000","12,408,000,000",0.256,0
03/31/2012,"39,186,000,000","39,186,000,000","20,622,000,000","18,564,000,000","3,180,000,000","2,339,000,000","841,000,000",,,,"15,384,000,000",,,,,"148,000,000",,"148,000,000",,,"148,000,000","15,532,000,000","3,910,000,000","11,622,000,000","11,622,000,000","11,622,000,000","11,622,000,000",,,"11,622,000,000",0.445,0.439,"26,140,296,000","26,457,004,000","15,384,000,000","23,802,000,000","11,622,000,000","11,622,000,000",,,,"15,384,000,000",,"20,622,000,000","740,000,000","11,622,000,000","148,000,000","148,000,000","16,124,000,000",0.252,0
12/31/2011,"46,333,000,000","46,333,000,000","25,630,000,000","20,703,000,000","3,363,000,000","2,605,000,000","758,000,000",,,,"17,340,000,000",,,,,"137,000,000",,"137,000,000",,,"137,000,000","17,477,000,000","4,413,000,000","13,064,000,000","13,064,000,000","13,064,000,000","13,064,000,000",,,"13,064,000,000",0.501,0.495,"26,069,148,000","26,364,016,000","17,340,000,000","28,993,000,000","13,064,000,000","13,064,000,000",,,,"17,340,000,000",,"25,630,000,000","721,000,000","13,064,000,000","137,000,000","137,000,000","18,061,000,000",0.253,0
09/30/2011,"28,270,000,000","28,270,000,000","16,890,000,000","11,380,000,000","2,670,000,000","2,025,000,000","645,000,000",,,,"8,710,000,000",,,,,"-438,000,000",,,,,"-438,000,000","8,791,000,000","2,168,000,000","6,623,000,000","6,623,000,000","6,623,000,000","6,623,000,000",,,"6,623,000,000",0.255,0.252,"25,991,840,000","26,306,476,000","8,710,000,000","19,560,000,000","6,623,000,000","6,623,000,000",,,,"8,710,000,000",,"16,890,000,000","543,000,000","6,623,000,000",,,"9,253,000,000",0.247,0
06/30/2011,"28,571,000,000","28,571,000,000","16,649,000,000","11,922,000,000","2,543,000,000","1,915,000,000","628,000,000",,,,"9,379,000,000",,,,,"172,000,000",,"172,000,000",,,"172,000,000","9,551,000,000","2,243,000,000","7,308,000,000","7,308,000,000","7,308,000,000","7,308,000,000",,,"7,308,000,000",0.282,0.278,"25,931,024,000","26,258,680,000","9,379,000,000","19,192,000,000","7,308,000,000","7,308,000,000",,,,"9,379,000,000",,"16,649,000,000","481,000,000","7,308,000,000","172,000,000","172,000,000","9,860,000,000",0.235,0
03/31/2011,"24,667,000,000","24,667,000,000","14,449,000,000","10,218,000,000","2,344,000,000","1,763,000,000","581,000,000",,,,"7,874,000,000",,,,,"26,000,000",,"26,000,000",,,"26,000,000","7,900,000,000","1,913,000,000","5,987,000,000","5,987,000,000","5,987,000,000","5,987,000,000",,,"5,987,000,000",0.232,0.229,"25,849,488,000","26,206,432,000","7,874,000,000","16,793,000,000","5,987,000,000","5,987,000,000",,,,"7,874,000,000",,"14,449,000,000","434,000,000","5,987,000,000","26,000,000","26,000,000","8,308,000,000",0.242,0
12/31/2010,"26,741,000,000","26,741,000,000","16,443,000,000","10,298,000,000","2,471,000,000","1,896,000,000","575,000,000",,,,"7,827,000,000",,,,,"136,000,000",,"136,000,000",,,"136,000,000","7,963,000,000","1,959,000,000","6,004,000,000","6,004,000,000","6,004,000,000","6,004,000,000",,,"6,004,000,000",0.233,0.23,"25,740,232,000","26,128,312,000","7,827,000,000","18,914,000,000","6,004,000,000","6,004,000,000",,,,"7,827,000,000",,"16,443,000,000","356,000,000","6,004,000,000","136,000,000","136,000,000","8,183,000,000",0.246,0
09/30/2010,"20,343,000,000","20,343,000,000","12,831,000,000","7,512,000,000","2,065,000,000","1,571,000,000","494,000,000",,,,"5,447,000,000",,,,,"-297,000,000",,,,,"-297,000,000","5,461,000,000","1,153,000,000","4,308,000,000","4,308,000,000","4,308,000,000","4,308,000,000",,,"4,308,000,000",,,,,"5,447,000,000","14,896,000,000","4,308,000,000","4,308,000,000",,,,"5,447,000,000",,"12,831,000,000","329,000,000","4,308,000,000",,,"5,776,000,000",0.211,0
06/30/2010,"15,700,000,000","15,700,000,000","9,564,000,000","6,136,000,000","1,902,000,000","1,438,000,000","464,000,000",,,,"4,234,000,000",,,,,"58,000,000",,"58,000,000",,,"58,000,000","4,292,000,000","1,039,000,000","3,253,000,000","3,253,000,000","3,253,000,000","3,253,000,000",,,"3,253,000,000",0.128,0.125,"25,541,516,000","25,966,108,000","4,234,000,000","11,466,000,000","3,253,000,000","3,253,000,000",,,,"4,234,000,000",,"9,564,000,000","273,000,000","3,253,000,000","58,000,000","58,000,000","4,507,000,000",0.242,0
03/31/2010,"13,499,000,000","13,499,000,000","7,874,000,000","5,625,000,000","1,646,000,000","1,220,000,000","426,000,000",,,,"3,979,000,000",,,,,"50,000,000",,"50,000,000",,,"50,000,000","4,029,000,000","955,000,000","3,074,000,000","3,074,000,000","3,074,000,000","3,074,000,000",,,"3,074,000,000",0.121,0.119,"25,411,344,000","25,840,584,000","3,979,000,000","9,520,000,000","3,074,000,000","3,074,000,000",,,,"3,979,000,000",,"7,874,000,000","216,000,000","3,074,000,000","50,000,000","50,000,000","4,195,000,000",0.237,0
12/31/2009,"15,683,000,000","15,683,000,000","9,272,000,000","6,411,000,000","1,686,000,000","1,288,000,000","398,000,000",,,,"4,725,000,000",,,,,"33,000,000",,"33,000,000",,,"33,000,000","4,758,000,000","1,380,000,000","3,378,000,000","3,378,000,000","3,378,000,000","3,378,000,000",,,"3,378,000,000",0.134,0.131,"25,299,176,000","25,753,924,000","4,725,000,000","10,958,000,000","3,378,000,000","3,378,000,000",,,,"4,725,000,000",,"9,272,000,000","209,000,000","3,378,000,000","33,000,000","33,000,000","4,934,000,000",0.29,0
09/30/2009,"9,870,000,000","9,870,000,000","6,256,000,000","3,614,000,000","1,421,000,000","1,063,000,000","358,000,000",,,,"2,193,000,000",,,,,"-362,000,000",,"-362,000,000",,,"-362,000,000","2,238,000,000","573,000,000","1,665,000,000","1,665,000,000","1,665,000,000","1,665,000,000",,,"1,665,000,000",0.066,0.065,"25,144,896,000","25,602,472,000","2,193,000,000","7,677,000,000","1,665,000,000","1,665,000,000",,,,"2,193,000,000",,"6,256,000,000","197,000,000","1,665,000,000","-362,000,000","-362,000,000","2,390,000,000",0.256,0
06/30/2009,"8,337,000,000","8,337,000,000","5,314,000,000","3,023,000,000","1,351,000,000","1,010,000,000","341,000,000",,,,"1,672,000,000",,,,,"60,000,000",,"60,000,000",,,"60,000,000","1,732,000,000","503,000,000","1,229,000,000","1,229,000,000","1,229,000,000","1,229,000,000",,,"1,229,000,000",0.049,0.048,"25,023,936,000","25,456,480,000","1,672,000,000","6,665,000,000","1,229,000,000","1,229,000,000",,,,"1,672,000,000",,"5,314,000,000","176,000,000","1,229,000,000","60,000,000","60,000,000","1,848,000,000",0.29,0
03/31/2009,"8,163,000,000","8,163,000,000","5,192,000,000","2,971,000,000","1,304,000,000","985,000,000","319,000,000",,,,"1,667,000,000",,,,,"63,000,000",,"63,000,000",,,"63,000,000","1,730,000,000","525,000,000","1,205,000,000","1,205,000,000","1,205,000,000","1,205,000,000",,,"1,205,000,000",0.048,0.048,"24,953,040,000","25,283,804,000","1,667,000,000","6,496,000,000","1,205,000,000","1,205,000,000",,,,"1,667,000,000",,"5,192,000,000","172,000,000","1,205,000,000","63,000,000","63,000,000","1,839,000,000",0.303,0
12/31/2008,"10,167,000,000","10,167,000,000","6,635,000,000","3,532,000,000","1,406,000,000","1,091,000,000","315,000,000",,,,"2,126,000,000",,,,,"158,000,000",,"158,000,000",,,"158,000,000","2,284,000,000","679,000,000","1,605,000,000","1,605,000,000","1,605,000,000","1,605,000,000",,,"1,605,000,000",0.065,0.064,"24,895,976,000","25,241,832,000","2,126,000,000","8,041,000,000","1,605,000,000","1,605,000,000",,,,"2,126,000,000",,"6,635,000,000","158,000,000","1,605,000,000","158,000,000","158,000,000","2,284,000,000",0.297,0
09/30/2008,"7,895,000,000","7,895,000,000","5,156,000,000","2,739,000,000","1,297,000,000","999,000,000","298,000,000",,,,"1,442,000,000",,,,,"-513,000,000",,"140,000,000",,,"-513,000,000","1,582,000,000","446,000,000","1,136,000,000","1,136,000,000","1,136,000,000","1,136,000,000",,,"1,136,000,000",,,,,"1,442,000,000","6,453,000,000","1,136,000,000","1,136,000,000",,,,"1,442,000,000",,"5,156,000,000","134,000,000","1,136,000,000","140,000,000","140,000,000","1,576,000,000",0.282,0
06/30/2008,"7,464,000,000","7,464,000,000","4,864,000,000","2,600,000,000","1,208,000,000","916,000,000","292,000,000",,,,"1,392,000,000",,,,,"118,000,000",,"118,000,000",,,"118,000,000","1,510,000,000","438,000,000","1,072,000,000","1,072,000,000","1,072,000,000","1,072,000,000",,,"1,072,000,000",0.043,0.043,"24,744,664,000","25,288,676,000","1,392,000,000","6,072,000,000","1,072,000,000","1,072,000,000",,,,"1,392,000,000",,"4,864,000,000","117,000,000","1,072,000,000","118,000,000","118,000,000","1,509,000,000",0.29,0
03/31/2008,"7,512,000,000","7,512,000,000","5,038,000,000","2,474,000,000","1,159,000,000","886,000,000","273,000,000",,,,"1,315,000,000",,,,,"162,000,000",,"162,000,000",,,"162,000,000","1,477,000,000","432,000,000","1,045,000,000","1,045,000,000","1,045,000,000","1,045,000,000",,,"1,045,000,000",0.043,0.041,"24,627,288,000","25,181,212,000","1,315,000,000","6,197,000,000","1,045,000,000","1,045,000,000",,,,"1,315,000,000",,"5,038,000,000","116,000,000","1,045,000,000","162,000,000","162,000,000","1,431,000,000",0.292,0
12/31/2007,"9,608,000,000","9,608,000,000","6,276,000,000","3,332,000,000","1,206,000,000","960,000,000","246,000,000",,,,"2,126,000,000",,,,,"200,000,000",,"200,000,000",,,"200,000,000","2,326,000,000","745,000,000","1,581,000,000","1,581,000,000","1,581,000,000","1,581,000,000",,,"1,581,000,000",0.065,0.063,"24,524,080,000","25,201,512,000","2,126,000,000","7,482,000,000","1,581,000,000","1,581,000,000",,,,"2,126,000,000",,"6,276,000,000","106,000,000","1,581,000,000","200,000,000","200,000,000","2,232,000,000",0.32,0
09/30/2007,"6,217,000,000","6,217,000,000","4,127,000,000","2,090,000,000","1,030,000,000","823,000,000","207,000,000",,,,"1,060,000,000","188,000,000","188,000,000",,,"-18,000,000",,"-18,000,000",,,"-18,000,000","1,230,000,000","326,000,000","904,000,000","904,000,000","904,000,000","904,000,000",,,"904,000,000",,,,,"1,060,000,000","5,157,000,000","904,000,000","904,000,000","188,000,000",,"188,000,000","1,060,000,000",,"4,127,000,000","93,000,000","904,000,000","-18,000,000","-18,000,000","1,153,000,000",0.265,0
06/30/2007,"5,410,000,000","5,410,000,000","3,415,000,000","1,995,000,000","954,000,000","746,000,000","208,000,000",,,,"1,041,000,000","168,000,000","168,000,000",,,"-13,000,000",,"-13,000,000",,,"-13,000,000","1,196,000,000","378,000,000","818,000,000","818,000,000","818,000,000","818,000,000",,,"818,000,000",0.034,0.033,"24,270,568,000","24,938,788,000","1,041,000,000","4,369,000,000","818,000,000","818,000,000","168,000,000",,"168,000,000","1,041,000,000",,"3,415,000,000","81,000,000","818,000,000","-13,000,000","-13,000,000","1,122,000,000",0.316,0
03/31/2007,"5,264,000,000","5,264,000,000","3,415,000,000","1,849,000,000","863,000,000","680,000,000","183,000,000",,,,"986,000,000","158,000,000","158,000,000",,,"-10,000,000",,"-10,000,000",,,"-10,000,000","1,134,000,000","364,000,000","770,000,000","770,000,000","770,000,000","770,000,000",,,"770,000,000",0.032,0.031,"24,164,084,000","24,826,284,000","986,000,000","4,278,000,000","770,000,000","770,000,000","158,000,000",,"158,000,000","986,000,000",,"3,415,000,000","69,000,000","770,000,000","-10,000,000","-10,000,000","1,055,000,000",0.321,0
12/31/2006,"7,115,000,000","7,115,000,000","4,895,000,000","2,220,000,000","898,000,000","714,000,000","184,000,000",,,,"1,322,000,000","133,000,000","133,000,000",,,"-7,000,000",,"-7,000,000",,,"-7,000,000","1,448,000,000","444,000,000","1,004,000,000","1,004,000,000","1,004,000,000","1,004,000,000",,,"1,004,000,000",0.042,0.041,"24,015,348,000","24,732,316,000","1,322,000,000","5,793,000,000","1,004,000,000","1,004,000,000","133,000,000",,"133,000,000","1,322,000,000",,"4,895,000,000","74,000,000","1,004,000,000","-7,000,000","-7,000,000","1,396,000,000",0.307,0
09/30/2006,"4,837,000,000","4,837,000,000","3,425,000,000","1,412,000,000","804,000,000","625,000,000","179,000,000",,,,"608,000,000","120,000,000","120,000,000",,,"-7,000,000",,"-7,000,000",,,"-7,000,000","721,000,000","179,000,000","542,000,000","542,000,000","542,000,000","542,000,000",,,"542,000,000",,,,,"608,000,000","4,229,000,000","542,000,000","542,000,000","120,000,000",,"120,000,000","973,000,000",,"3,425,000,000","66,000,000","542,000,000","-7,000,000","-7,000,000","1,039,000,000",0.248,0
06/30/2006,"4,370,000,000","4,370,000,000","3,045,000,000","1,325,000,000","759,000,000","584,000,000","175,000,000",,,,"566,000,000","99,000,000","99,000,000",,,"-4,000,000",,"-4,000,000",,,"-4,000,000","661,000,000","189,000,000","472,000,000","472,000,000","472,000,000","472,000,000",,,"472,000,000",0.02,0.019,"23,838,500,000","24,538,304,000","566,000,000","3,804,000,000","472,000,000","472,000,000","99,000,000",,"99,000,000","566,000,000",,"3,045,000,000","57,000,000","472,000,000","-4,000,000","-4,000,000","623,000,000",0.286,0
03/31/2006,"4,359,000,000","4,359,000,000","3,062,000,000","1,297,000,000","768,000,000","592,000,000","176,000,000",,,,"529,000,000","87,000,000","87,000,000",,,"-11,000,000",,"-11,000,000",,,"-11,000,000","605,000,000","195,000,000","410,000,000","410,000,000","410,000,000","410,000,000",,,"410,000,000",0.018,0.017,"23,545,480,000","24,599,036,000","529,000,000","3,830,000,000","410,000,000","410,000,000","87,000,000",,"87,000,000","529,000,000",,"3,062,000,000","50,000,000","410,000,000","-11,000,000","-11,000,000","579,000,000",0.322,0
12/31/2005,"5,749,000,000","5,749,000,000","4,185,000,000","1,564,000,000","814,000,000","632,000,000","182,000,000",,,,"750,000,000","88,000,000","88,000,000",,,"-7,000,000",,"81,000,000",,,"-7,000,000","831,000,000","266,000,000","565,000,000","565,000,000","565,000,000","565,000,000",,,"565,000,000",0.024,0.023,"23,261,868,000","24,477,796,000","750,000,000","4,999,000,000","565,000,000","565,000,000","88,000,000",,"88,000,000","750,000,000",,"4,185,000,000","52,000,000","565,000,000","81,000,000","81,000,000","802,000,000",0.32,0
09/30/2005,"3,678,000,000","3,678,000,000","2,643,000,000","1,035,000,000","617,000,000","470,000,000","147,000,000",,,,"418,000,000","60,000,000",,,"-60,000,000",,,0,0,,,"478,000,000","48,000,000","430,000,000","430,000,000","430,000,000","430,000,000",,,"430,000,000",,,,,"418,000,000","3,260,000,000","430,000,000","430,000,000",,,"60,000,000","418,000,000",,"2,643,000,000","51,000,000","430,000,000",0,0,"469,000,000",0.1,0
06/30/2005,"3,520,000,000","3,520,000,000","2,476,000,000","1,044,000,000","617,000,000","472,000,000","145,000,000",,,,"427,000,000","46,000,000",,,"-46,000,000",,,0,0,,,"473,000,000","153,000,000","320,000,000","320,000,000","320,000,000","320,000,000",,,"320,000,000",0.014,0.013,"22,822,576,000","24,099,264,000","427,000,000","3,093,000,000","320,000,000","320,000,000",,,"46,000,000","427,000,000",,"2,476,000,000","46,000,000","320,000,000",0,0,"473,000,000",0.323,0
03/31/2005,"3,243,000,000","3,243,000,000","2,275,000,000","968,000,000","566,000,000","447,000,000","119,000,000",,,,"402,000,000","33,000,000",,,"-33,000,000","-6,000,000",,0,0,,,"435,000,000","145,000,000","290,000,000","290,000,000","290,000,000","290,000,000",,,"290,000,000",0.013,0.012,"22,628,816,000","23,996,308,000","402,000,000","2,841,000,000","290,000,000","290,000,000",,,"33,000,000","402,000,000",,"2,275,000,000","41,000,000","290,000,000",0,0,"443,000,000",0.333,0
12/31/2004,"3,490,000,000","3,490,000,000","2,494,000,000","996,000,000","593,000,000","470,000,000","123,000,000",,,,"403,000,000","28,000,000","28,000,000",0,,"-2,000,000",,"-2,000,000",,,"-2,000,000","429,000,000","134,000,000","295,000,000","295,000,000","295,000,000","295,000,000",,,"295,000,000",0.013,0.013,"22,092,896,000","23,468,872,000","403,000,000","3,087,000,000","295,000,000","295,000,000","28,000,000",0,"28,000,000","429,000,000",,"2,494,000,000","41,000,000","295,000,000","-2,000,000","-2,000,000","470,000,000",0.312,0
09/30/2004,"2,350,000,000","2,350,000,000","1,716,000,000","634,000,000","501,000,000","379,000,000","122,000,000",,,,"133,000,000","20,000,000","20,000,000",0,,"-6,000,000",0,"-5,000,000","5,000,000","-7,000,000","-1,000,000","147,000,000","41,000,000","106,000,000","106,000,000","106,000,000","106,000,000",,,"106,000,000",,,,,"128,000,000","2,217,000,000","106,000,000","109,605,442.177","20,000,000",0,"20,000,000","147,000,000",,"1,716,000,000","40,000,000","106,000,000","-5,000,000","-5,000,000","192,000,000",0.279,"-1,394,557.823"
06/30/2004,"2,014,000,000","2,014,000,000","1,455,000,000","559,000,000","479,000,000","354,000,000","125,000,000",,,,"80,000,000","15,000,000","15,000,000",0,,"-10,000,000","1,000,000","-8,000,000","8,000,000","2,000,000","-3,000,000","85,000,000","24,000,000","61,000,000","61,000,000","61,000,000","61,000,000",,,"61,000,000",0.003,0.003,"21,001,288,000","21,986,776,000","72,000,000","1,934,000,000","61,000,000","66,023,529.412","15,000,000",0,"15,000,000","85,000,000",,"1,455,000,000","41,000,000","61,000,000","-7,000,000","-7,000,000","133,000,000",0.282,"-1,976,470.588"
03/31/2004,"1,909,000,000","1,909,000,000","1,379,000,000","530,000,000","468,000,000","345,000,000","123,000,000",,,,"62,000,000","14,000,000","15,000,000","1,000,000",,"-12,000,000",,"-10,000,000","10,000,000","2,000,000","-2,000,000","64,000,000","18,000,000","46,000,000","46,000,000","46,000,000","46,000,000",,0,"46,000,000",0.002,0.002,"20,459,432,000","21,180,880,000","52,000,000","1,847,000,000","46,000,000","53,187,500","15,000,000","1,000,000","14,000,000","65,000,000",,"1,379,000,000","36,000,000","46,000,000","-10,000,000","-10,000,000","111,000,000",0.281,"-2,812,500"
12/31/2003,"2,006,000,000","2,006,000,000","1,470,000,000","536,000,000","462,000,000","343,000,000","119,000,000",,,,"74,000,000","12,000,000","14,000,000","2,000,000",,"1,000,000","4,000,000",0,0,,"-3,000,000","87,000,000","24,000,000","63,000,000","63,000,000","63,000,000","63,000,000",,0,"63,000,000",0.003,0.003,"20,297,200,000","20,849,248,000","74,000,000","1,932,000,000","63,000,000","60,103,448.276","14,000,000","2,000,000","12,000,000","89,000,000",,"1,470,000,000","33,000,000","63,000,000","4,000,000","4,000,000","118,000,000",0.276,"1,103,448.276"
09/30/2003,"1,715,000,000","1,715,000,000","1,259,000,000","456,000,000","425,000,000","314,000,000","111,000,000",,,,"31,000,000","11,000,000","13,000,000","2,000,000",,"13,000,000","14,000,000",0,0,"-8,000,000","-1,000,000","55,000,000","14,000,000","44,000,000","44,000,000","44,000,000","41,000,000","3,000,000","3,000,000","44,000,000",,,,,"31,000,000","1,684,000,000","41,000,000","30,563,636.364","13,000,000","2,000,000","11,000,000","57,000,000",,"1,259,000,000","20,000,000","41,000,000","14,000,000","14,000,000","63,000,000",0.255,"3,563,636.364"
06/30/2003,"1,545,000,000","1,545,000,000","1,117,000,000","428,000,000","419,000,000","299,000,000","120,000,000",,,,"9,000,000","13,000,000","15,000,000","2,000,000",,"4,000,000","5,000,000",0,0,,"-1,000,000","26,000,000","7,000,000","19,000,000","19,000,000","19,000,000","19,000,000",,0,"19,000,000",0.001,0.001,"20,204,408,000","20,371,512,000","9,000,000","1,536,000,000","19,000,000","15,346,153.846","15,000,000","2,000,000","13,000,000","28,000,000",,"1,117,000,000","31,000,000","19,000,000","5,000,000","5,000,000","54,000,000",0.269,"1,346,153.846"
03/31/2003,"1,475,000,000","1,475,000,000","1,057,000,000","418,000,000","419,000,000","300,000,000","119,000,000",,,,"-1,000,000","16,000,000","18,000,000","2,000,000",,"4,000,000","9,000,000","-3,000,000","3,000,000","-7,000,000","-2,000,000","19,000,000","5,000,000","14,000,000","14,000,000","14,000,000","14,000,000",,0,"14,000,000",0.001,0.001,"20,187,440,000","20,285,608,000","-4,000,000","1,476,000,000","14,000,000","9,578,947.368","18,000,000","2,000,000","16,000,000","21,000,000",,"1,057,000,000","30,000,000","14,000,000","6,000,000","6,000,000","45,000,000",0.263,"1,578,947.368"
12/31/2002,"1,472,000,000","1,472,000,000","1,066,000,000","406,000,000","420,000,000","299,000,000","121,000,000",,,,"-14,000,000","21,000,000","23,000,000","2,000,000",,"-15,000,000",,"-23,000,000","23,000,000",,"8,000,000","-8,000,000","-2,000,000","-8,000,000","-8,000,000","-8,000,000","-6,000,000","2,000,000","-2,000,000","-8,000,000",0,0,"20,107,192,000","20,107,192,000","-37,000,000","1,486,000,000","-6,000,000","11,250,000","23,000,000","2,000,000","21,000,000","-6,000,000",,"1,066,000,000","32,000,000","-6,000,000","-23,000,000","-23,000,000","49,000,000",0.25,"-5,750,000"
09/30/2002,"1,443,000,000","1,443,000,000","1,062,000,000","381,000,000","397,000,000","280,000,000","117,000,000",,,,"-16,000,000","21,000,000","23,000,000","2,000,000",,"-70,000,000","-65,000,000","-4,000,000","6,000,000","64,000,000","4,000,000","-60,000,000","-15,000,000","-45,000,000","-45,000,000","-45,000,000","-45,000,000",,0,"-45,000,000",,,,,"-20,000,000","1,459,000,000","-45,000,000","6,750,000","23,000,000","2,000,000","21,000,000","-58,000,000",,"1,062,000,000","33,000,000","-45,000,000","-69,000,000","-69,000,000","44,000,000",0.25,"-17,250,000"
06/30/2002,"1,429,000,000","1,429,000,000","1,038,000,000","391,000,000","378,000,000","272,000,000","106,000,000",,,,"13,000,000","27,000,000","29,000,000","2,000,000",,"-1,000,000",,0,0,,"-1,000,000","39,000,000","7,000,000","32,000,000","32,000,000","32,000,000","32,000,000",,0,"32,000,000",0.002,0.002,"19,956,720,000","20,545,392,000","13,000,000","1,416,000,000","32,000,000","32,000,000","29,000,000","2,000,000","27,000,000","41,000,000",,"1,038,000,000","28,000,000","32,000,000",0,0,"69,000,000",0.179,0
03/31/2002,"1,495,000,000","1,495,000,000","1,086,000,000","409,000,000","381,000,000","270,000,000","111,000,000",,,,"28,000,000","26,000,000","29,000,000","3,000,000",,"1,000,000",,0,0,,"1,000,000","55,000,000","15,000,000","40,000,000","40,000,000","40,000,000","40,000,000",,0,"40,000,000",0.002,0.002,"19,794,880,000","20,494,264,000","28,000,000","1,467,000,000","40,000,000","40,000,000","29,000,000","3,000,000","26,000,000","58,000,000",,"1,086,000,000","29,000,000","40,000,000",0,0,"87,000,000",0.273,0
12/31/2001,"1,375,000,000","1,375,000,000","953,000,000","422,000,000","402,000,000","289,000,000","113,000,000",,,,"20,000,000","31,000,000","34,000,000","3,000,000",,"2,000,000","23,000,000","-24,000,000","24,000,000","-26,000,000","3,000,000","53,000,000","15,000,000","38,000,000","38,000,000","38,000,000","38,000,000",,0,"38,000,000",0.002,0.002,"19,674,480,000","20,020,504,000","-4,000,000","1,355,000,000","38,000,000","38,716,981.132","34,000,000","3,000,000","31,000,000","56,000,000",,"953,000,000","28,000,000","38,000,000","-1,000,000","-1,000,000","85,000,000",0.283,"-283,018.868"
09/30/2001,"1,450,000,000","1,450,000,000","1,013,000,000","437,000,000","384,000,000","268,000,000","116,000,000",,,,"53,000,000","41,000,000","43,000,000","2,000,000",,0,"8,000,000",0,0,,"-8,000,000","94,000,000","28,000,000","66,000,000","66,000,000","66,000,000","66,000,000",0,0,"66,000,000",,,,,"53,000,000","1,397,000,000","66,000,000","60,382,978.723","43,000,000","2,000,000","41,000,000","96,000,000",,"1,013,000,000","30,000,000","66,000,000","8,000,000","8,000,000","118,000,000",0.298,"2,382,978.723"
06/30/2001,"1,475,000,000","1,475,000,000","1,041,000,000","434,000,000","403,000,000","281,000,000","122,000,000",,,,"31,000,000","47,000,000","51,000,000","4,000,000",,"9,000,000","11,000,000",0,0,,"-2,000,000","87,000,000","26,000,000","61,000,000","61,000,000","61,000,000","61,000,000",,0,"61,000,000",0.003,0.003,"19,530,840,000","20,099,072,000","31,000,000","1,444,000,000","61,000,000","53,287,356.322","51,000,000","4,000,000","47,000,000","91,000,000",,"1,041,000,000","26,000,000","61,000,000","11,000,000","11,000,000","106,000,000",0.299,"3,287,356.322"
03/31/2001,"1,431,000,000","1,431,000,000","1,046,000,000","385,000,000","393,000,000","292,000,000","101,000,000",,,,"-8,000,000","65,000,000",,,"-65,000,000","5,000,000","5,000,000",0,0,,,"62,000,000","19,000,000","43,000,000","43,000,000","43,000,000","43,000,000",,0,"43,000,000",0.002,0.002,"19,380,480,000","19,757,472,000","-8,000,000","1,439,000,000","43,000,000","39,532,258.065",,,"65,000,000","-8,000,000",,"1,046,000,000","22,000,000","43,000,000","5,000,000","5,000,000","9,000,000",0.306,"1,532,258.065"
12/31/2000,"1,007,000,000","1,007,000,000","1,028,000,000","-21,000,000","399,000,000","297,000,000","102,000,000",,,,"-420,000,000","59,000,000","64,000,000","5,000,000",,"66,000,000","58,000,000",0,0,,"8,000,000","-295,000,000","-88,000,000","-195,000,000","-195,000,000","-195,000,000","-207,000,000","12,000,000","12,000,000","-195,000,000",-0.01,-0.01,"18,881,520,000","18,881,520,000","-420,000,000","1,427,000,000","-207,000,000","-247,698,305.085","64,000,000","5,000,000","59,000,000","-290,000,000",,"1,028,000,000","24,000,000","-207,000,000","58,000,000","58,000,000","-324,000,000",0.298,"17,301,694.915"
09/30/2000,"1,870,000,000","1,870,000,000","1,403,000,000","467,000,000","383,000,000","282,000,000","101,000,000",,,0,"84,000,000","53,000,000","59,000,000","6,000,000",,"92,000,000","91,000,000",0,0,0,"1,000,000","229,000,000","59,000,000","170,000,000","170,000,000","170,000,000","170,000,000",,,"170,000,000",,,,,"84,000,000","1,786,000,000","170,000,000","102,445,414.847","59,000,000","6,000,000","53,000,000","235,000,000",,"1,403,000,000","18,000,000","170,000,000","91,000,000","91,000,000","162,000,000",0.258,"23,445,414.847"
06/30/2000,"1,825,000,000","1,825,000,000","1,282,000,000","543,000,000","375,000,000","278,000,000","97,000,000",,,,"168,000,000","52,000,000",,,"-52,000,000","50,000,000","50,000,000",0,0,,,"270,000,000","70,000,000","200,000,000","200,000,000","200,000,000","200,000,000",,,"200,000,000",0.011,0.01,"18,202,240,000","20,261,752,000","168,000,000","1,657,000,000","200,000,000","162,962,962.963",,,"52,000,000","168,000,000",,"1,282,000,000","25,000,000","200,000,000","50,000,000","50,000,000","143,000,000",0.259,"12,962,962.963"
03/31/2000,"1,945,000,000","1,945,000,000","1,396,000,000","549,000,000","379,000,000","287,000,000","92,000,000",,,,"170,000,000","49,000,000",,,"-49,000,000","100,000,000","100,000,000",0,0,,,"319,000,000","86,000,000","233,000,000","233,000,000","233,000,000","233,000,000",,,"233,000,000",0.013,0.011,"18,163,264,000","20,383,216,000","170,000,000","1,775,000,000","233,000,000","159,959,247.649",,,"49,000,000","170,000,000",,"1,396,000,000","21,000,000","233,000,000","100,000,000","100,000,000","91,000,000",0.27,"26,959,247.649"
12/31/1999,"2,343,000,000","2,343,000,000","1,736,000,000","607,000,000","409,000,000","319,000,000","90,000,000",,,"98,000,000","198,000,000","42,000,000","47,000,000","5,000,000",,"34,000,000","134,000,000","-98,000,000","8,000,000","90,000,000","-2,000,000","274,000,000","91,000,000","183,000,000","183,000,000","183,000,000","183,000,000",,,"183,000,000",0.01,0.009,"18,036,368,000","19,982,704,000","100,000,000","2,145,000,000","183,000,000","158,956,204.38","47,000,000","5,000,000","42,000,000","279,000,000",,"1,736,000,000","20,000,000","183,000,000","36,000,000","36,000,000","263,000,000",0.332,"11,956,204.38"
09/30/1999,"1,336,000,000","1,336,000,000","952,000,000","384,000,000","317,000,000","235,000,000","82,000,000",,,,"67,000,000","37,000,000","42,000,000","5,000,000",,"21,000,000","34,000,000","-18,000,000","18,000,000","-42,000,000","5,000,000","125,000,000","14,000,000","111,000,000","111,000,000","111,000,000","111,000,000",,,"111,000,000",,,,,"49,000,000","1,269,000,000","111,000,000","96,792,000","42,000,000","5,000,000","37,000,000","130,000,000",,"952,000,000","19,000,000","111,000,000","16,000,000","16,000,000","133,000,000",0.112,"1,792,000"
06/30/1999,"1,558,000,000","1,558,000,000","1,131,000,000","427,000,000","323,000,000","243,000,000","80,000,000",,,,"104,000,000","24,000,000",,,"-24,000,000","101,000,000","101,000,000","101,000,000",,,,"229,000,000","26,000,000","203,000,000","203,000,000","203,000,000","203,000,000",,,"203,000,000",0.013,0.011,"16,134,048,000","19,560,800,000","104,000,000","1,454,000,000","203,000,000","113,467,248.908",,,"24,000,000","104,000,000",,"1,131,000,000","19,000,000","203,000,000","101,000,000","101,000,000","22,000,000",0.114,"11,467,248.908"
03/31/1999,"1,530,000,000","1,530,000,000","1,127,000,000","403,000,000","315,000,000","239,000,000","76,000,000",,,,"88,000,000","19,000,000",,,"-19,000,000","46,000,000","55,000,000","-9,000,000","9,000,000","-55,000,000",,"153,000,000","18,000,000","135,000,000","135,000,000","135,000,000","135,000,000",,,"135,000,000",0.009,0.008,"15,273,552,000","19,398,848,000","79,000,000","1,442,000,000","135,000,000","94,411,764.706",,,"19,000,000","88,000,000",,"1,127,000,000","24,000,000","135,000,000","46,000,000","46,000,000","66,000,000",0.118,"5,411,764.706"
12/31/1998,"1,710,000,000","1,710,000,000","1,228,000,000","482,000,000","355,000,000","279,000,000","76,000,000",,,,"127,000,000","16,000,000","32,000,000","16,000,000",,"26,000,000","32,000,000","32,000,000",,,"-6,000,000","169,000,000","17,000,000","152,000,000","152,000,000","152,000,000","152,000,000",,,"152,000,000",0.01,0.008,"15,150,240,000","19,270,944,000","127,000,000","1,583,000,000","152,000,000","123,218,934.911","32,000,000","16,000,000","16,000,000","185,000,000",,"1,228,000,000","23,000,000","152,000,000","32,000,000","32,000,000","176,000,000",0.101,"3,218,934.911"
09/30/1998,"1,556,000,000","1,556,000,000","1,139,000,000","417,000,000","308,000,000","235,000,000","73,000,000",,,,"109,000,000","-25,000,000",,,,"40,000,000",,0,,,,"114,000,000","8,000,000","106,000,000","106,000,000","106,000,000","106,000,000",,,"106,000,000",,,,,"109,000,000","1,447,000,000","106,000,000","106,000,000",,,"-25,000,000","239,000,000",,"1,139,000,000","23,000,000","106,000,000",0,0,"262,000,000",0.07,0
06/30/1998,"1,402,000,000","1,402,000,000","1,042,000,000","360,000,000","299,000,000","216,000,000","83,000,000",,,,"61,000,000","48,000,000",,,"-48,000,000","-7,000,000",,"-7,000,000",,,,"109,000,000","8,000,000","101,000,000","101,000,000","101,000,000","101,000,000",,,"101,000,000",0.007,0.006,"14,903,616,000","19,240,032,000","61,000,000","1,341,000,000","101,000,000","101,000,000",,,"48,000,000","61,000,000",,"1,042,000,000","32,000,000","101,000,000","-7,000,000","-7,000,000","93,000,000",0.073,0
03/31/1998,"1,405,000,000","1,405,000,000","1,056,000,000","349,000,000","298,000,000","223,000,000","75,000,000",,,,"51,000,000","8,000,000",,,"-8,000,000",,,,,,,"59,000,000","4,000,000","55,000,000","55,000,000","55,000,000","55,000,000",,,"55,000,000",0.004,0.003,"14,780,528,000","16,342,480,000","51,000,000","1,354,000,000","55,000,000","55,000,000",,,"8,000,000","51,000,000",,"1,056,000,000","28,000,000","55,000,000",,,"79,000,000",0.068,0
12/31/1997,"1,578,000,000","1,578,000,000","1,225,000,000","353,000,000","313,000,000","234,000,000","79,000,000",,,,"40,000,000","7,000,000",,,"-7,000,000",,,,,,,"47,000,000",0,"47,000,000","47,000,000","47,000,000","47,000,000",,,"47,000,000",0.003,0.003,"14,334,768,000","15,661,968,000","40,000,000","1,538,000,000","47,000,000","47,000,000",,,"7,000,000","40,000,000",,"1,225,000,000","28,000,000","47,000,000",,,"68,000,000",0,0
09/30/1997,"1,614,000,000","1,614,000,000","1,294,000,000","320,000,000","353,000,000","259,000,000","94,000,000",,,,"-33,000,000","-5,000,000",,,,"-123,000,000",,"-137,000,000","62,000,000","75,000,000",,"-161,000,000",0,"-161,000,000","-161,000,000","-161,000,000","-161,000,000",,,"-161,000,000",,,,,"-170,000,000","1,647,000,000","-161,000,000","-35,000,000",,,"-5,000,000","-229,000,000",,"1,294,000,000","41,000,000","-161,000,000","-126,000,000","-126,000,000","-62,000,000",0,0
06/30/1997,"1,737,000,000","1,737,000,000","1,389,000,000","348,000,000","408,000,000","307,000,000","101,000,000",,,,"-60,000,000","4,000,000",,,"-4,000,000",,,,,,,"-56,000,000",0,"-56,000,000","-56,000,000","-56,000,000","-56,000,000",,,"-56,000,000",-0.004,-0.004,"14,168,000,000","14,168,000,000","-60,000,000","1,797,000,000","-56,000,000","-56,000,000",,,"4,000,000","-60,000,000",,"1,389,000,000","22,000,000","-56,000,000",,,"-38,000,000",0,0
03/31/1997,"1,601,000,000","1,601,000,000","1,298,000,000","303,000,000","864,000,000","348,000,000","516,000,000",,,,"-561,000,000","8,000,000",,,"-8,000,000","-155,000,000",,"-155,000,000","155,000,000","367,000,000",,"-708,000,000",0,"-708,000,000","-708,000,000","-708,000,000","-708,000,000",,,"-708,000,000",-0.05,-0.05,"14,068,208,000","14,068,208,000","-716,000,000","2,162,000,000","-708,000,000","-553,000,000",,,"8,000,000","-561,000,000",,"1,298,000,000","30,000,000","-708,000,000","-155,000,000","-155,000,000","-376,000,000",0,0
12/31/1996,"2,129,000,000","2,129,000,000","1,732,000,000","397,000,000","521,000,000","372,000,000","149,000,000",,,,"-124,000,000","4,000,000",,,"-4,000,000",,,,,,,"-120,000,000",,"-120,000,000","-120,000,000","-120,000,000","-120,000,000",,,"-120,000,000",-0.009,-0.009,"13,947,584,000","13,947,584,000","-124,000,000","2,253,000,000","-120,000,000","-120,000,000",,,"4,000,000","-124,000,000",,"1,732,000,000","25,000,000","-120,000,000",,,"-99,000,000",0,0
09/30/1996,"2,321,000,000","2,321,000,000","1,810,000,000","511,000,000","505,000,000","359,000,000","146,000,000",,,,"6,000,000","4,000,000","22,000,000","18,000,000",,"30,000,000","75,000,000","28,000,000","-28,000,000",,"-73,000,000","40,000,000","15,000,000","25,000,000","25,000,000","25,000,000","25,000,000",,,"25,000,000",,,,,"34,000,000","2,315,000,000","25,000,000","-39,375,000","22,000,000","18,000,000","4,000,000","58,000,000",,"1,810,000,000","46,000,000","25,000,000","103,000,000","103,000,000","1,000,000",0.375,"38,625,000"
06/30/1996,"2,179,000,000","2,179,000,000","1,776,000,000","403,000,000","519,000,000","364,000,000","155,000,000",,,,"-116,000,000","-2,000,000","10,000,000","12,000,000",,"67,000,000","-2,000,000",,,,"69,000,000","-51,000,000","-19,000,000","-32,000,000","-32,000,000","-32,000,000","-32,000,000",,,"-32,000,000",-0.002,-0.002,"13,858,320,000","13,858,320,000","-116,000,000","2,295,000,000","-32,000,000","-30,745,098.039","10,000,000","12,000,000","-2,000,000","-39,000,000",,"1,776,000,000","22,000,000","-32,000,000","-2,000,000","-2,000,000","-15,000,000",0.373,"-745,098.039"
03/31/1996,"2,185,000,000","2,185,000,000","2,606,000,000","-421,000,000","554,000,000","404,000,000","150,000,000",,,,"-975,000,000","-2,000,000","11,000,000","13,000,000",,"-198,000,000","7,000,000","-207,000,000","207,000,000",,"2,000,000","-1,175,000,000","-435,000,000","-740,000,000","-740,000,000","-740,000,000","-740,000,000",,,"-740,000,000",-0.053,-0.053,"13,849,808,000","13,849,808,000","-1,182,000,000","3,160,000,000","-740,000,000","-614,042,553.191","11,000,000","13,000,000","-2,000,000","-1,162,000,000",,"2,606,000,000","46,000,000","-740,000,000","-200,000,000","-200,000,000","-916,000,000",0.37,"-74,042,553.191"
12/31/1995,"3,148,000,000","3,148,000,000","2,673,000,000","475,000,000","594,000,000","441,000,000","153,000,000",,,,"-119,000,000",0,"17,000,000","17,000,000",,"10,000,000","11,000,000",,,,"-1,000,000","-109,000,000","-40,000,000","-69,000,000","-69,000,000","-69,000,000","-69,000,000",,,"-69,000,000",-0.005,-0.005,"13,775,328,000","13,775,328,000","-119,000,000","3,267,000,000","-69,000,000","-75,963,302.752","17,000,000","17,000,000",0,"-92,000,000",,"2,673,000,000","42,000,000","-69,000,000","11,000,000","11,000,000","-61,000,000",0.367,"4,036,697.248"
09/30/1995,"3,003,000,000","3,003,000,000","2,382,000,000","621,000,000","549,000,000","378,000,000","171,000,000",,,,"72,000,000","9,000,000","24,000,000","15,000,000",,"14,000,000","13,000,000",0,0,,"1,000,000","95,000,000","35,000,000","60,000,000","60,000,000","60,000,000","60,000,000",,,"60,000,000",,,,,"72,000,000","2,931,000,000","60,000,000","51,789,473.684","24,000,000","15,000,000","9,000,000","110,000,000",,"2,382,000,000","23,000,000","60,000,000","13,000,000","13,000,000","120,000,000",0.368,"4,789,473.684"
06/30/1995,"2,575,000,000","2,575,000,000","1,847,000,000","728,000,000","572,000,000","404,000,000","168,000,000",,,,"156,000,000","16,000,000","32,000,000","16,000,000",,"-8,000,000","-13,000,000","6,000,000","-6,000,000",,"-1,000,000","164,000,000","61,000,000","103,000,000","103,000,000","103,000,000","103,000,000",,,"103,000,000",0.008,0.008,"13,798,736,000","13,798,736,000","162,000,000","2,419,000,000","103,000,000","107,396,341.463","32,000,000","16,000,000","16,000,000","180,000,000",,"1,847,000,000","37,000,000","103,000,000","-7,000,000","-7,000,000","224,000,000",0.372,"-2,603,658.537"
03/31/1995,"2,652,000,000","2,652,000,000","1,957,000,000","695,000,000","529,000,000","386,000,000","143,000,000",,,,"166,000,000","16,000,000","26,000,000","10,000,000",,"-66,000,000","-68,000,000",,,,"2,000,000","116,000,000","43,000,000","73,000,000","73,000,000","73,000,000","73,000,000",,,"73,000,000",0.005,0.005,"13,736,128,000","13,736,128,000","166,000,000","2,486,000,000","73,000,000","115,793,103.448","26,000,000","10,000,000","16,000,000","126,000,000",,"1,957,000,000","29,000,000","73,000,000","-68,000,000","-68,000,000","223,000,000",0.371,"-25,206,896.552"
12/31/1994,"2,832,000,000","2,832,000,000","2,018,000,000","814,000,000","547,000,000","415,000,000","132,000,000",,,,"267,000,000","15,000,000",,,"-15,000,000","17,000,000",,"17,000,000","-17,000,000",,,"299,000,000","111,000,000","188,000,000","188,000,000","188,000,000","188,000,000",,,"188,000,000",0.014,0.014,"13,619,221,056","13,625,472,000","284,000,000","2,565,000,000","188,000,000","177,311,036.789",,,"15,000,000","267,000,000",,"2,018,000,000","38,000,000","188,000,000","17,000,000","17,000,000","288,000,000",0.371,"6,311,036.789"
09/30/1994,"2,493,286,000","2,493,286,000","1,814,413,000","678,873,000","488,462,000","346,352,000","142,110,000",,,,"190,411,000","20,135,000",,,,"-25,619,000",,0,0,,,"184,927,000","70,272,000","114,655,000","114,655,000","114,655,000","114,655,000",,,"114,655,000",,,,,"190,411,000","2,302,875,000","114,655,000","135,923,528.23",,,"20,135,000","334,931,000",,"1,814,413,000","45,620,000","114,655,000","-34,304,000","-34,304,000","414,855,000",0.38,"-13,035,471.77"
06/30/1994,"2,149,908,000","2,149,908,000","1,576,036,000","573,872,000","468,306,000","332,867,000","135,439,000",,,"100,000","105,566,000","-9,678,000",,,"9,678,000","126,855,000",,"126,855,000","-126,855,000",,,"222,743,000","84,642,000","138,101,000","138,101,000","138,101,000","138,101,000",,,"138,101,000",0.01,0.01,"13,312,320,000","13,312,320,000","232,421,000","2,044,342,000","138,101,000","59,450,706.366",,,"-9,678,000","105,566,000",,"1,576,036,000","41,338,000","138,101,000","126,855,000","126,855,000","20,049,000",0.38,"48,204,706.366"
03/31/1994,"2,077,000,000","2,077,000,000","1,578,000,000","499,000,000","464,000,000","330,000,000","134,000,000","38,100,000","38,100,000",,"35,000,000",0,"8,000,000","8,000,000",,"-7,000,000","-6,000,000","-6,700,000",,,"-1,000,000","28,000,000","11,000,000","17,000,000","17,000,000","17,000,000","17,000,000",,,"17,000,000",0.001,0.001,"13,321,728,000","13,321,728,000","35,000,000","2,042,000,000","17,000,000","20,642,857.143","8,000,000","8,000,000",0,"36,000,000",,"1,578,000,000","38,394,000","17,000,000","-6,000,000","-6,000,000","80,394,000",0.393,"-2,357,142.857"
12/31/1993,"2,468,854,000","2,468,854,000","1,876,830,000","592,024,000","527,317,000","374,705,000","152,612,000",,,,"64,707,000","-163,000",,,"163,000",,,,,,,"64,544,000","24,526,000","40,018,000","40,018,000","40,018,000","40,018,000",,,"40,018,000",0.003,0.003,"13,099,072,000","13,099,072,000","64,707,000","2,404,147,000","40,018,000","40,018,000",,,"-163,000","64,707,000",,"1,876,830,000","42,606,000","40,018,000",,,"107,313,000",0.38,0
09/30/1993,"2,140,800,000","2,140,800,000","1,547,900,000","592,900,000","585,800,000","543,300,000",,"42,500,000","42,500,000",,"7,100,000",,,,,"-2,900,000",,"-2,900,000",,,,"4,400,000","1,700,000","2,700,000","2,700,000","2,700,000","2,700,000",,,"2,700,000",,,,,"7,100,000","2,133,700,000","2,700,000","4,479,545.455",,,,"7,100,000",,"1,547,900,000","42,500,000","2,700,000","-2,900,000","-2,900,000","52,500,000",0.386,"-1,120,454.545"
06/30/1993,"1,862,000,000","1,862,000,000","1,214,600,000","647,400,000","954,100,000","912,700,000",,"41,400,000","41,400,000",,"-306,700,000",,,,,"2,900,000",,"2,900,000",,,,"-303,700,000","-115,400,000","-188,300,000","-188,300,000","-188,300,000","-188,300,000",,,"-188,300,000",-0.015,-0.015,"12,859,512,195","12,859,512,195","-306,700,000","2,168,700,000","-188,300,000","-190,098,057.293",,,,"-306,700,000",,"1,214,600,000","41,400,000","-188,300,000","2,900,000","2,900,000","-268,200,000",0.38,"1,101,942.707"
03/31/1993,"1,973,900,000","1,973,900,000","1,172,000,000","801,900,000","632,800,000","591,700,000",,"41,100,000","41,100,000",,"169,100,000",,,,,"9,800,000",,"9,800,000",,,,"178,900,000","68,000,000","110,900,000","110,900,000","110,900,000","110,900,000",,,"110,900,000",0.008,0.008,"13,500,869,565","13,500,869,565","169,100,000","1,804,800,000","110,900,000","104,824,986.026",,,,"169,100,000",,"1,170,300,000","42,800,000","110,900,000","9,800,000","9,800,000","202,100,000",0.38,"3,724,986.026"
12/31/1992,"2,000,300,000","2,000,300,000","1,150,000,000","850,300,000","609,500,000","570,100,000",,"39,400,000","39,400,000",,"240,800,000",,,,,"19,400,000",,"19,400,000",,,,"260,200,000","98,900,000","161,300,000","161,300,000","161,300,000","161,300,000",,,"161,300,000",0.012,0.012,"13,481,791,045","13,481,791,045","240,800,000","1,759,500,000","161,300,000","149,273,789.393",,,,"240,800,000",,"1,150,000,000","39,400,000","161,300,000","19,400,000","19,400,000","260,800,000",0.38,"7,373,789.393"
09/30/1992,"1,767,700,000","1,767,700,000","952,700,000","815,000,000","683,400,000","623,400,000",,"60,000,000","60,000,000",,"131,600,000",,,,,"25,700,000",,"25,700,000",,,,"157,500,000","59,900,000","97,600,000","97,600,000","97,600,000","97,600,000",,,"97,600,000",,,,,"131,600,000","1,636,100,000","97,600,000","81,674,158.73",,,,"131,600,000",,"952,700,000","60,000,000","97,600,000","25,700,000","25,700,000","165,900,000",0.38,"9,774,158.73"
06/30/1992,"1,740,200,000","1,740,200,000","911,700,000","828,500,000","627,400,000","570,300,000",,"57,100,000","57,100,000",,"201,100,000",,,,,"11,300,000",,"11,300,000",,,,"212,400,000","80,700,000","131,700,000","131,700,000","131,700,000","131,700,000",,,"131,700,000",0.01,0.01,"13,657,777,778","13,657,777,778","201,100,000","1,539,100,000","131,700,000","124,693,361.582",,,,"201,100,000",,"911,600,000","57,200,000","131,700,000","11,300,000","11,300,000","247,000,000",0.38,"4,293,361.582"
03/31/1992,"1,716,000,000","1,716,000,000","910,200,000","805,800,000","595,400,000","545,100,000",,"50,300,000","50,300,000",,"210,400,000",,,,,"7,500,000",,"7,500,000",,,,"217,900,000","82,800,000","135,100,000","135,100,000","135,100,000","135,100,000",,,"135,100,000",0.01,0.01,"13,755,636,364","13,755,636,364","210,400,000","1,505,600,000","135,100,000","130,449,931.161",,,,"210,400,000",,"910,300,000","50,200,000","135,100,000","7,500,000","7,500,000","253,200,000",0.38,"2,849,931.161"
12/31/1991,"1,862,600,000","1,862,600,000","999,600,000","863,000,000","600,400,000","550,600,000",,"49,800,000","49,800,000",,"262,600,000",,,,,"5,100,000",,"5,100,000",,,,"267,800,000","101,800,000","166,000,000","166,000,000","166,000,000","166,000,000",,,"166,000,000",0.012,0.012,"13,670,588,235","13,670,588,235","262,600,000","1,600,000,000","166,000,000","162,838,685.586",,,,"262,600,000",,"999,600,000","49,800,000","166,000,000","5,100,000","5,100,000","307,300,000",0.38,"1,938,685.586"
09/30/1991,"1,507,000,000","1,507,000,000","794,300,000","712,700,000","591,400,000","533,500,000",,"57,900,000","57,900,000",,"121,300,000",,,,,"9,800,000",,"9,800,000",,,,"131,000,000","49,800,000","81,200,000","81,200,000","81,200,000","81,200,000",,,"81,200,000",,,,,"121,300,000","1,385,700,000","81,200,000","75,125,496.183",,,,"121,300,000",,"794,300,000","57,900,000","81,200,000","9,800,000","9,800,000","169,400,000",0.38,"3,725,496.183"
06/30/1991,"1,528,600,000","1,528,600,000","774,900,000","753,700,000","842,500,000","789,100,000",,"53,400,000","53,400,000",,"-88,800,000",,,,,"3,300,000",,"3,300,000",,,,"-85,600,000","-32,500,000","-53,100,000","-53,100,000","-53,100,000","-53,100,000",,,"-53,100,000",-0.004,-0.004,"13,516,363,636","13,516,363,636","-88,800,000","1,617,400,000","-53,100,000","-55,147,079.439",,,,"-88,800,000",,"774,800,000","53,500,000","-53,100,000","3,300,000","3,300,000","-38,600,000",0.38,"1,252,920.561"
03/31/1991,"1,597,700,000","1,597,700,000","772,700,000","825,000,000","638,400,000","592,500,000",,"45,900,000","45,900,000",,"186,600,000",,,,,"25,000,000",,"25,000,000",,,,"211,500,000","80,400,000","131,100,000","131,100,000","131,100,000","131,100,000",,,"131,100,000",0.01,0.01,"13,595,555,556","13,595,555,556","186,600,000","1,411,100,000","131,100,000","115,603,546.099",,,,"186,600,000",,"772,700,000","45,900,000","131,100,000","25,000,000","25,000,000","207,500,000",0.38,"9,503,546.099"
12/31/1990,"1,675,500,000","1,675,500,000","767,700,000","907,800,000","679,400,000","632,300,000",,"47,100,000","47,100,000",,"228,400,000",,,,,"14,400,000",,"14,400,000",,,,"242,700,000","92,200,000","150,500,000","150,500,000","150,500,000","150,500,000",,,"150,500,000",0.011,0.011,"13,168,750,000","13,168,750,000","228,400,000","1,447,100,000","150,500,000","141,570,457.355",,,,"228,400,000",,"767,700,000","47,100,000","150,500,000","14,400,000","14,400,000","261,100,000",0.38,"5,470,457.355"
09/30/1990,"1,354,100,000","1,354,100,000","591,400,000","762,700,000","622,100,000","561,300,000",,"60,800,000","60,800,000",,"140,600,000",,,,,"20,900,000",,"20,900,000",,,,"161,400,000","62,900,000","98,500,000","98,500,000","98,500,000","98,500,000",,,"98,500,000",,,,,"140,600,000","1,213,500,000","98,500,000","85,745,043.371",,,,"140,600,000",,"591,400,000","60,800,000","98,500,000","20,900,000","20,900,000","180,500,000",0.39,"8,145,043.371"
06/30/1990,"1,364,800,000","1,364,800,000","578,300,000","786,500,000","604,200,000","554,300,000",,"49,900,000","49,900,000",,"182,300,000",,,,,"14,100,000",,"14,100,000",,,,"196,400,000","76,600,000","119,800,000","119,800,000","119,800,000","119,800,000",,,"119,800,000",0.009,0.009,"13,976,666,667","13,976,666,667","182,300,000","1,182,500,000","119,800,000","111,199,287.169",,,,"182,300,000",,"578,300,000","49,900,000","119,800,000","14,100,000","14,100,000","218,100,000",0.39,"5,499,287.169"
03/31/1990,"1,346,200,000","1,346,200,000","565,300,000","780,900,000","581,700,000","537,400,000",,"44,300,000","44,300,000",,"199,200,000",,,,,"16,900,000",,"16,900,000",,,,"216,100,000","84,300,000","131,800,000","131,800,000","131,800,000","131,800,000",,,"131,800,000",0.009,0.009,"14,193,846,154","14,193,846,154","199,200,000","1,147,000,000","131,800,000","121,492,642.295",,,,"199,200,000",,"565,400,000","44,200,000","131,800,000","16,900,000","16,900,000","226,600,000",0.39,"6,592,642.295"
12/31/1989,"1,493,400,000","1,493,400,000","668,500,000","824,900,000","634,900,000","587,100,000",,"47,800,000","47,800,000",,"190,000,000",,,,,"14,600,000",,"14,600,000",,,,"204,600,000","79,800,000","124,800,000","124,800,000","124,800,000","124,800,000",,,"124,800,000",0.009,0.009,"14,560,000,000","14,560,000,000","190,000,000","1,303,400,000","124,800,000","115,894,428.152",,,,"190,000,000",,"668,500,000","47,800,000","124,800,000","14,600,000","14,600,000","223,200,000",0.39,"5,694,428.152"
09/30/1989,"1,383,700,000","1,383,700,000",,,,,,,,,"-3,266,000,000",,,,,,,,,,,,,,,"161,000,000","161,000,000",,,,,,,,,,,,,,,"-3,266,000,000",,,,,,,"-3,266,000,000",,
06/30/1989,"1,248,200,000","1,248,200,000",,,,,,,,,"1,248,200,000",,,,,,,,,,,,,,,"96,100,000","96,100,000",,,,0.007,0.007,"13,889,792,000","13,889,792,000",,,,,,,,"1,248,200,000",,,,,,,"1,248,200,000",,
03/31/1989,"1,246,900,000","1,246,900,000",,,,,,,,,"1,246,900,000",,,,,,,,,,,,,,,"56,400,000","56,400,000",,,,0.004,0.004,"14,307,664,000","14,307,664,000",,,,,,,,"1,246,900,000",,,,,,,"1,246,900,000",,
12/31/1988,"1,405,100,000","1,405,100,000",,,,,,,,,"1,405,100,000",,,,,,,,,,,,,,,"140,500,000","140,500,000",,,,0.01,0.01,"14,285,264,000","14,285,264,000",,,,,,,,"1,405,100,000",,,,,,,"1,405,100,000",,
09/30/1988,"1,168,700,000","1,168,700,000",,,,,,,,,"-2,282,400,000",,,,,,,,,,,,,,,"108,000,000","108,000,000",,,,,,,,,,,,,,,"-2,282,400,000",,,,,,,"-2,282,400,000",,
06/30/1988,"993,100,000","993,100,000",,,,,,,,,"993,100,000",,,,,,,,,,,,,,,"91,300,000","91,300,000",,,,0.006,0.006,"14,622,720,000","14,622,720,000",,,,,,,,"993,100,000",,,,,,,"993,100,000",,
03/31/1988,"867,200,000","867,200,000",,,,,,,,,"867,200,000",,,,,,,,,,,,,,,"79,700,000","79,700,000",,,,0.006,0.006,"13,946,352,000","13,946,352,000",,,,,,,,"867,200,000",,,,,,,"867,200,000",,
12/31/1987,"1,042,400,000","1,042,400,000",,,,,,,,,"1,042,400,000",,,,,,,,,,,,,,,"121,400,000","121,400,000",,,,0.008,0.008,"14,063,280,000","14,063,280,000",,,,,,,,"1,042,400,000",,,,,,,"1,042,400,000",,
09/30/1987,"786,500,000","786,500,000",,,,,,,,,"-1,503,100,000",,,,,,,,,,,,,,,"71,700,000","71,700,000",,,,,,,,,,,,,,,"-1,503,100,000",,,,,,,"-1,503,100,000",,
06/30/1987,"637,100,000","637,100,000",,,,,,,,,"637,100,000",,,,,,,,,,,,,,,"53,500,000","53,500,000",,,,0.004,0.004,"14,028,672,000","14,028,672,000",,,,,,,,"637,100,000",,,,,,,"637,100,000",,
03/31/1987,"575,300,000","575,300,000",,,,,,,,,"575,300,000",,,,,,,,,,,,,,,"33,900,000","33,900,000",,,,0.002,0.002,"14,028,672,000","14,028,672,000",,,,,,,,"575,300,000",,,,,,,"575,300,000",,
12/31/1986,"662,300,000","662,300,000",,,,,,,,,"662,300,000",,,,,,,,,,,,,,,"58,500,000","58,500,000",,,,0.004,0.004,"14,260,064,000","14,260,064,000",,,,,,,,"662,300,000",,,,,,,"662,300,000",,
09/30/1986,"510,800,000","510,800,000",,,,,,,,,"-1,117,600,000",,,,,,,,,,,,,,,"32,900,000","32,900,000",,,,,,,,,,,,,,,"-1,117,600,000",,,,,,,"-1,117,600,000",,
06/30/1986,"448,300,000","448,300,000",,,,,,,,,"448,300,000",,,,,,,,,,,,,,,"32,300,000","32,300,000",,,,0.002,0.002,"14,260,064,000","14,260,064,000",,,,,,,,"448,300,000",,,,,,,"448,300,000",,
03/31/1986,"408,900,000","408,900,000",,,,,,,,,"408,900,000",,,,,,,,,,,,,,,"31,800,000","31,800,000",,,,0.002,0.002,"14,033,600,000","14,033,600,000",,,,,,,,"408,900,000",,,,,,,"408,900,000",,
12/31/1985,"533,900,000","533,900,000",,,,,,,,,"533,900,000",,,,,,,,,,,,,,,"56,900,000","56,900,000",,,,0.004,0.004,"13,837,824,000","13,837,824,000",,,,,,,,"533,900,000",,,,,,,"533,900,000",,
09/30/1985,"409,700,000","409,700,000",,,,,,,,,"-1,361,300,000",,,,,,,,,,,,,,,"22,300,000","22,300,000",,,,,,,,,,,,,,,"-1,361,300,000",,,,,,,"-1,361,300,000",,