name,OperatingCashFlow,	CashFlowFromContinuingOperatingActivities,		NetIncomeFromContinuingOperations,		OperatingGainsLosses,			NetForeignCurrencyExchangeGainLoss,			GainLossOnInvestmentSecurities,			EarningsLossesFromEquityInvestments,		DepreciationAmortizationDepletion,			DepreciationAndAmortization,				Depreciation,				AmortizationCashFlow,					AmortizationOfIntangibles,		DeferredTax,			DeferredIncomeTax,		AssetImpairmentCharge,		StockBasedCompensation,		ExcessTaxBenefitFromStockBasedCompensation,		OtherNonCashItems,		ChangeInWorkingCapital,			ChangeInReceivables,				ChangesInAccountReceivables,			ChangeInInventory,			ChangeInPrepaidAssets,			ChangeInPayablesAndAccruedExpense,				ChangeInPayable,					ChangeInAccountPayable,				ChangeInAccruedExpense,					ChangeInInterestPayable,			ChangeInOtherCurrentAssets,			ChangeInOtherCurrentLiabilities,			ChangeInOtherWorkingCapital,InvestingCashFlow,	CashFlowFromContinuingInvestingActivities,		NetPPEPurchaseAndSale,			PurchaseOfPPE,			SaleOfPPE,		NetBusinessPurchaseAndSale,			PurchaseOfBusiness,			SaleOfBusiness,		NetInvestmentPurchaseAndSale,			PurchaseOfInvestment,			SaleOfInvestment,		NetOtherInvestingChanges,FinancingCashFlow,	CashFlowFromContinuingFinancingActivities,		NetIssuancePaymentsOfDebt,			NetLongTermDebtIssuance,				LongTermDebtIssuance,				LongTermDebtPayments,			NetShortTermDebtIssuance,				ShortTermDebtIssuance,				ShortTermDebtPayments,		NetCommonStockIssuance,			CommonStockIssuance,			CommonStockPayments,		CashDividendsPaid,		ProceedsFromStockOptionExercised,		InterestPaidCFF,		NetOtherFinancingCharges,EndCashPosition,	ChangesInCash,	EffectOfExchangeRateChanges,	BeginningCashPosition,	OtherCashAdjustmentOutsideChangeinCash,IncomeTaxPaidSupplementalData,InterestPaidSupplementalData,CapitalExpenditure,IssuanceOfCapitalStock,IssuanceOfDebt,RepaymentOfDebt,RepurchaseOfCapitalStock,FreeCashFlow
ttm,"46,752,000,000","46,752,000,000","-2,722,000,000",,,,,"41,921,000,000","41,921,000,000","41,921,000,000",,,"-8,148,000,000","-8,148,000,000",,"19,621,000,000",,"16,966,000,000","-20,886,000,000","-21,897,000,000",,"-2,592,000,000",,"1,387,000,000","2,945,000,000","2,945,000,000","-1,558,000,000",,,,"2,216,000,000","-37,601,000,000","-37,601,000,000","-58,321,000,000","-63,645,000,000","5,324,000,000","-8,316,000,000","-8,316,000,000",,"29,036,000,000","-2,565,000,000","31,601,000,000",,"9,718,000,000","9,718,000,000","15,718,000,000","11,719,000,000","21,166,000,000","-9,447,000,000","3,999,000,000","41,553,000,000","-37,554,000,000","-6,000,000,000",,"-6,000,000,000",,,,,"54,253,000,000","18,869,000,000","-1,093,000,000","36,477,000,000",,"6,035,000,000","2,142,000,000","-63,645,000,000",,"62,719,000,000","-47,001,000,000","-6,000,000,000","-16,893,000,000"
12/31/2022,"29,173,000,000","29,173,000,000","278,000,000",,,,,"13,145,000,000","13,145,000,000","12,685,000,000",,,"-3,367,000,000","-3,367,000,000",,"5,606,000,000",,"2,985,000,000","10,526,000,000","-8,788,000,000",,"3,180,000,000",,"15,629,000,000","9,852,000,000","9,852,000,000","5,777,000,000",,,,"505,000,000","-10,821,000,000","-10,821,000,000","-15,440,000,000","-16,592,000,000","1,152,000,000","-831,000,000","-831,000,000",,"5,450,000,000","-233,000,000","5,683,000,000",,"86,000,000","86,000,000","86,000,000","5,276,000,000","8,235,000,000","-2,959,000,000","-5,190,000,000","10,607,000,000","-15,797,000,000",0,,0,,,,,"54,253,000,000","18,438,000,000","637,000,000","35,178,000,000",,"1,695,000,000","768,000,000","-16,592,000,000",,"18,842,000,000","-18,756,000,000",0,"12,581,000,000"
09/30/2022,"11,404,000,000","11,404,000,000","2,872,000,000",,,,,"10,204,000,000","10,204,000,000","10,204,000,000",,,"-825,000,000","-825,000,000",,"5,556,000,000",,"-1,149,000,000","-5,254,000,000","-4,794,000,000","-4,794,000,000","732,000,000",,"-1,246,000,000","-1,226,000,000","-1,226,000,000","-20,000,000",,,,"54,000,000","-15,608,000,000","-15,608,000,000","-15,041,000,000","-16,378,000,000","1,337,000,000","-885,000,000","-885,000,000",,"318,000,000","-239,000,000","557,000,000",,"3,016,000,000","3,016,000,000","3,016,000,000","-1,406,000,000","107,000,000","-1,513,000,000","4,422,000,000","12,338,000,000","-7,916,000,000",0,,0,,,,"-48,000,000","35,178,000,000","-1,188,000,000","-1,334,000,000","37,700,000,000",,"742,000,000","431,000,000","-16,378,000,000",,"12,445,000,000","-9,429,000,000",0,"-4,974,000,000"
06/30/2022,"8,965,000,000","8,965,000,000","-2,028,000,000",,,,,"9,594,000,000","9,594,000,000","9,594,000,000",,,"-1,955,000,000","-1,955,000,000",,"5,209,000,000",,"6,226,000,000","-8,081,000,000","-6,799,000,000","-6,799,000,000","-3,890,000,000",,"2,287,000,000","3,699,000,000","3,699,000,000","-1,412,000,000",,,,"321,000,000","-12,078,000,000","-12,078,000,000","-14,098,000,000","-15,724,000,000","1,626,000,000","-259,000,000","-259,000,000",,"2,279,000,000","-329,000,000","2,608,000,000",,"4,626,000,000","4,626,000,000","7,960,000,000","10,705,000,000","12,824,000,000","-2,119,000,000","-2,745,000,000","4,865,000,000","-7,610,000,000","-3,334,000,000",,"-3,334,000,000",,,,"-59,000,000","37,700,000,000","1,513,000,000","-412,000,000","36,599,000,000",,"3,145,000,000","499,000,000","-15,724,000,000",,"17,689,000,000","-9,729,000,000","-3,334,000,000","-6,759,000,000"
03/31/2022,"-2,790,000,000","-2,790,000,000","-3,844,000,000",,,,,"8,978,000,000","8,978,000,000","8,978,000,000",,,"-2,001,000,000","-2,001,000,000",,"3,250,000,000",,"8,904,000,000","-18,077,000,000","-1,516,000,000","-1,516,000,000","-2,614,000,000",,"-15,283,000,000","-9,380,000,000","-9,380,000,000","-5,903,000,000",,,,"1,336,000,000","906,000,000","906,000,000","-13,742,000,000","-14,951,000,000","1,209,000,000","-6,341,000,000","-6,341,000,000",,"20,989,000,000","-1,764,000,000","22,753,000,000",,"1,990,000,000","1,990,000,000","4,656,000,000","-2,856,000,000",0,"-2,856,000,000","7,512,000,000","13,743,000,000","-6,231,000,000","-2,666,000,000",,"-2,666,000,000",,,,,"36,599,000,000","106,000,000","16,000,000","36,477,000,000",,"453,000,000","444,000,000","-14,951,000,000",,"13,743,000,000","-9,087,000,000","-2,666,000,000","-17,741,000,000"
12/31/2021,"22,086,000,000","22,086,000,000","14,323,000,000",,,,,"9,802,000,000","9,802,000,000",,,,"-3,623,000,000","-3,623,000,000",,"3,680,000,000",,"-11,867,000,000","9,771,000,000","-6,556,000,000","-6,556,000,000","-1,915,000,000",,"17,322,000,000","7,989,000,000","7,989,000,000","9,333,000,000",,,,"920,000,000","-12,580,000,000","-12,580,000,000","-16,470,000,000","-18,935,000,000","2,465,000,000","-381,000,000","-381,000,000",,"4,271,000,000","-8,266,000,000","12,537,000,000",,"-3,100,000,000","-3,100,000,000","-3,100,000,000","-3,108,000,000","200,000,000","-3,308,000,000","8,000,000","2,667,000,000","-2,659,000,000",,,,,,,,"36,477,000,000","6,406,000,000","-106,000,000","30,177,000,000",,"334,000,000","518,000,000","-18,935,000,000",,"2,867,000,000","-5,967,000,000",,"3,151,000,000"
09/30/2021,"7,313,000,000","7,313,000,000","3,156,000,000",,,,,"8,948,000,000","8,948,000,000",,,,"909,000,000","909,000,000",,"3,180,000,000",,"364,000,000","-9,244,000,000","-4,890,000,000","-4,890,000,000","-7,059,000,000",,"2,367,000,000","3,832,000,000","3,832,000,000","-1,465,000,000",,,,"338,000,000","-14,828,000,000","-14,828,000,000","-14,751,000,000","-15,748,000,000","997,000,000","-654,000,000","-654,000,000",,"577,000,000","-15,231,000,000","15,808,000,000",,"-2,776,000,000","-2,776,000,000","-2,776,000,000","-3,046,000,000","176,000,000","-3,222,000,000","270,000,000","2,187,000,000","-1,917,000,000",,,,,,,,"30,177,000,000","-10,291,000,000","-199,000,000","40,667,000,000",,"750,000,000","445,000,000","-15,748,000,000",,"2,363,000,000","-5,139,000,000",,"-8,435,000,000"
06/30/2021,"12,715,000,000","12,715,000,000","7,778,000,000",,,,,"8,038,000,000","8,038,000,000",,,,"701,000,000","701,000,000",,"3,591,000,000",,"-1,240,000,000","-6,153,000,000","-4,462,000,000","-4,462,000,000","-209,000,000",,"-1,638,000,000","47,000,000","47,000,000","-1,685,000,000",,,,"156,000,000","-22,080,000,000","-22,080,000,000","-12,988,000,000","-14,288,000,000","1,300,000,000","-320,000,000","-320,000,000",,"-8,772,000,000","-21,985,000,000","13,213,000,000",,"15,643,000,000","15,643,000,000","15,643,000,000","15,643,000,000","18,516,000,000","-2,873,000,000",0,"1,176,000,000","-1,176,000,000",,,,,,,,"40,667,000,000","6,278,000,000","234,000,000","34,155,000,000",,"1,803,000,000","343,000,000","-14,288,000,000",,"19,692,000,000","-4,049,000,000",,"-1,573,000,000"
03/31/2021,"4,213,000,000","4,213,000,000","8,107,000,000",,,,,"7,508,000,000","7,508,000,000",,,,"1,703,000,000","1,703,000,000",,"2,306,000,000",,"-1,426,000,000","-13,985,000,000","-2,255,000,000","-2,255,000,000","-304,000,000",,"-12,326,000,000","-8,266,000,000","-8,266,000,000","-4,060,000,000",,,,"900,000,000","-8,666,000,000","-8,666,000,000","-11,187,000,000","-12,082,000,000","895,000,000","-630,000,000","-630,000,000",,"3,151,000,000","-14,675,000,000","17,826,000,000",,"-3,476,000,000","-3,476,000,000","-3,476,000,000","-3,401,000,000","111,000,000","-3,512,000,000","-75,000,000","1,926,000,000","-2,001,000,000",,,,,,,,"34,155,000,000","-7,929,000,000","-293,000,000","42,377,000,000",,"801,000,000","466,000,000","-12,082,000,000",,"2,037,000,000","-5,513,000,000",,"-7,869,000,000"
12/31/2020,"30,431,000,000","30,431,000,000","7,222,000,000",,,,,"7,618,000,000","7,618,000,000",,,,"-1,636,000,000","-1,636,000,000",,"2,562,000,000",,"-1,814,000,000","16,479,000,000","-4,561,000,000","-4,561,000,000","329,000,000",,"20,378,000,000","13,249,000,000","13,249,000,000","7,129,000,000",,,,"333,000,000","-17,037,000,000","-17,037,000,000","-13,194,000,000","-14,823,000,000","1,629,000,000","-380,000,000","-380,000,000",,"-3,463,000,000","-20,801,000,000","17,338,000,000",,"-1,816,000,000","-1,816,000,000","-1,816,000,000","-1,960,000,000","531,000,000","-2,491,000,000","144,000,000","2,435,000,000","-2,291,000,000",,,,,,,,"42,377,000,000","11,578,000,000","597,000,000","30,202,000,000",,"420,000,000","360,000,000","-14,823,000,000",,"2,966,000,000","-4,782,000,000",,"15,608,000,000"
09/30/2020,"11,964,000,000","11,964,000,000","6,331,000,000",,,,,"6,523,000,000","6,523,000,000",,,,"295,000,000","295,000,000",,"2,288,000,000",,"-984,000,000","-2,489,000,000","-2,016,000,000","-2,016,000,000","-3,899,000,000",,"3,348,000,000","3,658,000,000","3,658,000,000","-310,000,000",,,,"78,000,000","-15,876,000,000","-15,876,000,000","-9,808,000,000","-11,063,000,000","1,255,000,000","-1,735,000,000","-1,735,000,000",,"-4,333,000,000","-17,468,000,000","13,135,000,000",,"-4,105,000,000","-4,105,000,000","-4,105,000,000","-4,067,000,000",0,"-4,067,000,000","-38,000,000","1,311,000,000","-1,349,000,000",,,,,,,,"30,202,000,000","-8,017,000,000","377,000,000","37,842,000,000",,"502,000,000","468,000,000","-11,063,000,000",,"1,311,000,000","-5,416,000,000",,"901,000,000"
06/30/2020,"20,606,000,000","20,606,000,000","5,243,000,000",,,,,"5,748,000,000","5,748,000,000",,,,"465,000,000","465,000,000",,"2,601,000,000",,"-487,000,000","7,036,000,000","-2,854,000,000","-2,854,000,000","-672,000,000",,"10,315,000,000","8,616,000,000","8,616,000,000","1,699,000,000",,,,"247,000,000","-17,804,000,000","-17,804,000,000","-6,615,000,000","-7,459,000,000","844,000,000","-118,000,000","-118,000,000",,"-11,071,000,000","-19,209,000,000","8,138,000,000",,"7,408,000,000","7,408,000,000","7,408,000,000","6,881,000,000","9,918,000,000","-3,037,000,000","527,000,000","2,433,000,000","-1,906,000,000",,,,,,,,"37,842,000,000","10,210,000,000","127,000,000","27,505,000,000",,"486,000,000","321,000,000","-7,459,000,000",,"12,351,000,000","-4,943,000,000",,"13,147,000,000"
03/31/2020,"3,064,000,000","3,064,000,000","2,535,000,000",,,,,"5,362,000,000","5,362,000,000",,,,"322,000,000","322,000,000",,"1,757,000,000",,"632,000,000","-7,544,000,000","1,262,000,000","1,262,000,000","1,392,000,000",,"-10,805,000,000","-8,044,000,000","-8,044,000,000","-2,761,000,000",,,,"607,000,000","-8,894,000,000","-8,894,000,000","-5,428,000,000","-6,795,000,000","1,367,000,000","-91,000,000","-91,000,000",,"-3,375,000,000","-15,001,000,000","11,626,000,000",,"-2,591,000,000","-2,591,000,000","-2,591,000,000","-2,591,000,000","693,000,000","-3,284,000,000",,,,,,,,,,,"27,505,000,000","-8,421,000,000","-484,000,000","36,410,000,000",,"305,000,000","480,000,000","-6,795,000,000",,"693,000,000","-3,284,000,000",,"-3,731,000,000"
12/31/2019,"19,659,000,000","19,659,000,000","3,268,000,000",,,,,"6,170,000,000","6,170,000,000",,,,"184,000,000","184,000,000",,"1,840,000,000",,"-445,000,000","8,642,000,000","-3,905,000,000","-3,905,000,000","-1,516,000,000",,"13,577,000,000","10,683,000,000","10,683,000,000","2,894,000,000",,,,"486,000,000","-3,536,000,000","-3,536,000,000","-3,940,000,000","-5,312,000,000","1,372,000,000","-777,000,000","-777,000,000",,"1,181,000,000","-6,444,000,000","7,625,000,000",,"-3,571,000,000","-3,571,000,000","-3,571,000,000","-3,571,000,000","1,098,000,000","-4,669,000,000",,,,,,,,,,,"36,410,000,000","12,552,000,000","304,000,000","23,554,000,000",,"189,000,000","340,000,000","-5,312,000,000",,"1,098,000,000","-4,669,000,000",,"14,347,000,000"
09/30/2019,"7,892,000,000","7,892,000,000","2,134,000,000",,,,,"5,563,000,000","5,563,000,000",,,,"92,000,000","92,000,000",,"1,779,000,000",,"435,000,000","-2,111,000,000","-1,181,000,000","-1,181,000,000","-381,000,000",,"-496,000,000","226,000,000","226,000,000","-722,000,000",,,,"-53,000,000","-5,074,000,000","-5,074,000,000","-3,385,000,000","-4,697,000,000","1,312,000,000","-398,000,000","-398,000,000",,"-1,291,000,000","-8,542,000,000","7,251,000,000",,"-1,960,000,000","-1,960,000,000","-1,960,000,000","-1,960,000,000","702,000,000","-2,662,000,000",,,,,,,,,,,"23,554,000,000","858,000,000","-269,000,000","22,965,000,000",,"241,000,000","468,000,000","-4,697,000,000",,"702,000,000","-2,662,000,000",,"3,195,000,000"
06/30/2019,"9,118,000,000","9,118,000,000","2,625,000,000",,,,,"5,202,000,000","5,202,000,000",,,,"105,000,000","105,000,000",,"1,971,000,000",,"73,000,000","-858,000,000","-2,193,000,000","-2,193,000,000","-2,100,000,000",,"3,045,000,000","3,668,000,000","3,668,000,000","-623,000,000",,,,"390,000,000","-7,549,000,000","-7,549,000,000","-2,643,000,000","-3,562,000,000","919,000,000","-117,000,000","-117,000,000",,"-4,789,000,000","-9,950,000,000","5,161,000,000",,"-2,158,000,000","-2,158,000,000","-2,158,000,000","-2,158,000,000","283,000,000","-2,441,000,000",,,,,,,,,,,"22,965,000,000","-589,000,000","47,000,000","23,507,000,000",,"283,000,000","301,000,000","-3,562,000,000",,"283,000,000","-2,441,000,000",,"5,556,000,000"
03/31/2019,"1,846,000,000","1,846,000,000","3,561,000,000",,,,,"4,854,000,000","4,854,000,000",,,,"415,000,000","415,000,000",,"1,274,000,000",,"-148,000,000","-8,110,000,000","-401,000,000","-401,000,000","719,000,000",,"-9,316,000,000","-6,384,000,000","-6,384,000,000","-2,932,000,000",,,,"888,000,000","-8,123,000,000","-8,123,000,000","-2,721,000,000","-3,290,000,000","569,000,000","-1,169,000,000","-1,169,000,000",,"-4,233,000,000","-6,876,000,000","2,643,000,000",,"-2,377,000,000","-2,377,000,000","-2,377,000,000","-2,377,000,000","190,000,000","-2,567,000,000",,,,,,,,,,,"23,507,000,000","-8,654,000,000","-12,000,000","32,173,000,000",,"168,000,000","453,000,000","-3,290,000,000",,"190,000,000","-2,567,000,000",,"-1,444,000,000"
12/31/2018,"16,477,000,000","16,477,000,000","3,027,000,000",,,,,"4,262,000,000","4,262,000,000",,,,"173,000,000","173,000,000",,"1,417,000,000",,"269,000,000","7,329,000,000","-1,395,000,000","-1,395,000,000","-1,350,000,000",,"9,546,000,000","6,881,000,000","6,881,000,000","2,665,000,000",,,,"528,000,000","-3,572,000,000","-3,572,000,000","-3,120,000,000","-3,734,000,000","614,000,000","-331,000,000","-331,000,000",,"-121,000,000","-2,060,000,000","1,939,000,000",,"-1,761,000,000","-1,761,000,000","-1,761,000,000","-1,761,000,000","405,000,000","-2,166,000,000",,,,,,,,,,,"32,173,000,000","11,144,000,000","-3,000,000","21,032,000,000",,"171,000,000","277,000,000","-3,734,000,000",,"405,000,000","-2,166,000,000",,"12,743,000,000"
09/30/2018,"8,588,000,000","8,588,000,000","2,883,000,000",,,,,"3,778,000,000","3,778,000,000",,,,"266,000,000","266,000,000",,"1,350,000,000",,"158,000,000","153,000,000","-2,884,000,000","-2,884,000,000","-1,094,000,000",,"4,131,000,000","3,894,000,000","3,894,000,000","237,000,000",,,,,"-5,572,000,000","-5,572,000,000","-2,527,000,000","-3,352,000,000","825,000,000","-976,000,000","-976,000,000",,"-2,069,000,000","-4,033,000,000","1,964,000,000",,"-2,369,000,000","-2,369,000,000","-2,369,000,000","-2,369,000,000","143,000,000","-2,512,000,000",,,,,,,,,,,"21,032,000,000","647,000,000","-151,000,000","20,536,000,000",,"200,000,000","448,000,000","-3,352,000,000",,"143,000,000","-2,512,000,000",,"5,236,000,000"
06/30/2018,"7,449,000,000","7,449,000,000","2,534,000,000",,,,,"3,630,000,000","3,630,000,000",,,,"-139,000,000","-139,000,000",,"1,468,000,000",,"195,000,000","-239,000,000","-1,364,000,000","-1,364,000,000","-1,090,000,000",,"2,498,000,000","2,703,000,000","2,703,000,000","-205,000,000",,,,"-283,000,000","-2,692,000,000","-2,692,000,000","-2,949,000,000","-3,243,000,000","294,000,000","-866,000,000","-866,000,000",,"1,123,000,000","-537,000,000","1,660,000,000",,"-1,394,000,000","-1,394,000,000","-1,394,000,000","-1,394,000,000","96,000,000","-1,490,000,000",,,,,,,,,,,"20,536,000,000","3,363,000,000","-443,000,000","17,616,000,000",,"300,000,000","293,000,000","-3,243,000,000",,"96,000,000","-1,490,000,000",,"4,206,000,000"
03/31/2018,"-1,791,000,000","-1,791,000,000","1,629,000,000",,,,,"3,671,000,000","3,671,000,000",,,,"141,000,000","141,000,000",,"1,182,000,000",,"-128,000,000","-8,286,000,000","1,029,000,000","1,029,000,000","2,220,000,000",,"-12,441,000,000","-10,216,000,000","-10,216,000,000","-2,225,000,000",,,,"906,000,000","-533,000,000","-533,000,000","-2,727,000,000","-3,098,000,000","371,000,000","-13,000,000","-13,000,000",,"2,207,000,000","-470,000,000","2,677,000,000",,"-2,164,000,000","-2,164,000,000","-2,164,000,000","-2,164,000,000","125,000,000","-2,289,000,000",,,,,,,,,,,"17,616,000,000","-4,488,000,000","248,000,000","21,856,000,000",,"513,000,000","411,000,000","-3,098,000,000",,"125,000,000","-2,289,000,000",,"-4,889,000,000"
12/31/2017,"12,344,000,000","12,344,000,000","1,857,000,000",,,,,"3,498,000,000","3,498,000,000",,,,"-308,000,000","-308,000,000",,"1,179,000,000",,"10,311,000,000","-4,193,000,000","-2,781,000,000","-2,781,000,000","-2,255,000,000",,"10,967,000,000","8,906,000,000","8,906,000,000","2,061,000,000",,,,"-10,124,000,000","-2,032,000,000","-2,032,000,000","-3,036,000,000","-4,933,000,000","583,000,000","-81,000,000","-81,000,000",,"1,085,000,000","-2,479,000,000","3,564,000,000",,"-2,647,000,000","-2,647,000,000","-2,647,000,000","-2,647,000,000","61,000,000","-2,708,000,000",,,,,,,,,,,"20,522,000,000","7,665,000,000","90,000,000","12,767,000,000",,"92,000,000","257,000,000","-4,933,000,000",,"61,000,000","-2,708,000,000",,"7,411,000,000"
09/30/2017,"3,851,000,000","3,851,000,000","256,000,000",,,,,"2,912,000,000","2,912,000,000",,,,"-74,000,000","-74,000,000",,"1,085,000,000",,"-3,663,000,000","3,335,000,000","-1,758,000,000","-1,758,000,000","-1,593,000,000",,"2,924,000,000","3,046,000,000","3,046,000,000","-122,000,000",,,,"3,762,000,000","-19,120,000,000","-19,120,000,000","-2,659,000,000","-2,659,000,000",,"-13,213,000,000","-13,213,000,000",,"-3,248,000,000","-5,469,000,000","2,221,000,000",,"14,685,000,000","14,685,000,000","14,685,000,000","14,685,000,000","16,080,000,000","-1,395,000,000",,,,,,,,,,,"12,767,000,000","-584,000,000","148,000,000","13,203,000,000",,"172,000,000","117,000,000","-2,659,000,000",,"16,080,000,000","-1,395,000,000",,"1,192,000,000"
06/30/2017,"3,829,000,000","3,829,000,000","197,000,000",,,,,"2,633,000,000","2,633,000,000",,,,"376,000,000","376,000,000",,"1,158,000,000",,"-3,494,000,000","2,959,000,000","-1,242,000,000","-1,242,000,000","-682,000,000",,"1,836,000,000","2,088,000,000","2,088,000,000","-252,000,000",,,,"3,047,000,000","-5,051,000,000","-5,051,000,000","-2,501,000,000","-2,501,000,000",,"-633,000,000","-633,000,000",,"-1,917,000,000","-4,210,000,000","2,293,000,000",,"-1,263,000,000","-1,263,000,000","-1,263,000,000","-1,263,000,000","66,000,000","-1,329,000,000",,,,,,,,,,,"13,203,000,000","-2,485,000,000","248,000,000","15,440,000,000",,"447,000,000","208,000,000","-2,501,000,000",,"66,000,000","-1,329,000,000",,"1,328,000,000"
03/31/2017,"-1,590,000,000","-1,590,000,000","724,000,000",,,,,"2,435,000,000","2,435,000,000",,,,"-22,000,000","-22,000,000",,"792,000,000",,"-3,245,000,000","-2,274,000,000","994,000,000","994,000,000","947,000,000",,"-8,269,000,000","-6,865,000,000","-6,865,000,000","-1,404,000,000",,,,"4,054,000,000","-1,616,000,000","-1,616,000,000","-1,861,000,000","-1,861,000,000",,"-45,000,000","-45,000,000",,"290,000,000","-1,620,000,000","1,910,000,000",,"-914,000,000","-914,000,000","-914,000,000","-914,000,000","24,000,000","-938,000,000",,,,,,,,,,,"15,440,000,000","-4,120,000,000","226,000,000","19,334,000,000",,"246,000,000","65,000,000","-1,861,000,000",,"24,000,000","-938,000,000",,"-3,451,000,000"
12/31/2016,"10,652,000,000","10,652,000,000","749,000,000",,,,,"2,297,000,000","2,297,000,000",,,,"-282,000,000","-282,000,000",,"887,000,000","-336,000,000","-3,208,000,000","10,545,000,000","-1,924,000,000","-1,924,000,000","-1,043,000,000",,"9,537,000,000","7,282,000,000","7,282,000,000","2,255,000,000",,,,"3,975,000,000","-4,174,000,000","-4,174,000,000","-2,006,000,000","-2,006,000,000",,"-3,000,000","-3,000,000",,"-2,165,000,000","-3,398,000,000","1,233,000,000",,"-256,000,000","-256,000,000","-592,000,000","-592,000,000","538,000,000","-1,130,000,000",,,,,,,,,,"336,000,000","19,334,000,000","6,222,000,000","-544,000,000","13,656,000,000",,"95,000,000","205,000,000","-2,006,000,000",,"538,000,000","-1,130,000,000",,"8,646,000,000"
09/30/2016,"4,486,000,000","4,486,000,000","252,000,000",,,,,"2,084,000,000","2,084,000,000",,,,"-81,000,000","-81,000,000",,"776,000,000","-173,000,000","-2,389,000,000","4,017,000,000","-671,000,000","-671,000,000","-1,095,000,000",,"2,981,000,000","2,540,000,000","2,540,000,000","441,000,000",,,,"2,802,000,000","-2,570,000,000","-2,570,000,000","-1,841,000,000","-1,841,000,000",,"-84,000,000","-84,000,000",,"-645,000,000","-2,076,000,000","1,431,000,000",,"-827,000,000","-827,000,000","-1,000,000,000","-1,000,000,000","8,000,000","-1,008,000,000",,,,,,,,,,"173,000,000","13,656,000,000","1,089,000,000","46,000,000","12,521,000,000",,"91,000,000","51,000,000","-1,841,000,000",,"8,000,000","-1,008,000,000",,"2,645,000,000"
06/30/2016,"3,465,000,000","3,465,000,000","857,000,000","1,000,000",,"1,000,000",,"1,909,000,000","1,909,000,000",,,,"106,000,000","106,000,000",,"768,000,000","-113,000,000","-2,124,000,000","2,061,000,000","-1,184,000,000","-1,184,000,000","-57,000,000",,"962,000,000","977,000,000","977,000,000","-15,000,000",,,,"2,340,000,000","-2,439,000,000","-2,439,000,000","-1,711,000,000","-1,711,000,000",,"-14,000,000","-14,000,000",,"-714,000,000","-1,645,000,000","931,000,000",,"-1,039,000,000","-1,039,000,000","-1,152,000,000","-1,152,000,000","66,000,000","-1,218,000,000",,,,,,,,,,"113,000,000","12,521,000,000","-13,000,000","64,000,000","12,470,000,000",,"88,000,000","191,000,000","-1,711,000,000",,"66,000,000","-1,218,000,000",,"1,754,000,000"
03/31/2016,"-2,160,000,000","-2,160,000,000","513,000,000","2,000,000",,"2,000,000",,"1,827,000,000","1,827,000,000",,,,"11,000,000","11,000,000",,"544,000,000","-207,000,000","-2,119,000,000","-2,731,000,000","412,000,000","412,000,000","769,000,000",,"-6,726,000,000","-5,770,000,000","-5,770,000,000","-956,000,000",,,,"2,814,000,000","-693,000,000","-693,000,000","-1,179,000,000","-1,179,000,000",,"-16,000,000","-16,000,000",,"502,000,000","-636,000,000","1,138,000,000",,"-789,000,000","-789,000,000","-996,000,000","-996,000,000","9,000,000","-1,005,000,000",,,,,,,,,,"207,000,000","12,470,000,000","-3,642,000,000","222,000,000","15,890,000,000",,"139,000,000","49,000,000","-1,179,000,000",,"9,000,000","-1,005,000,000",,"-3,339,000,000"
12/31/2015,"8,812,000,000","8,812,000,000","482,000,000","1,000,000",,"1,000,000",,"1,752,000,000","1,752,000,000",,,,"189,000,000","189,000,000",,"606,000,000","93,000,000","-2,190,000,000","7,879,000,000","-1,178,000,000","-1,178,000,000","-1,343,000,000",,"7,978,000,000","6,140,000,000","6,140,000,000","1,838,000,000",,,,"2,422,000,000","-1,850,000,000","-1,850,000,000","-1,309,000,000","-1,309,000,000",,"-317,000,000","-317,000,000",,"-224,000,000","-1,359,000,000","1,135,000,000",,"-1,690,000,000","-1,690,000,000","-1,597,000,000","-1,597,000,000","93,000,000","-1,690,000,000",,,,,,,,,,"-93,000,000","15,890,000,000","5,272,000,000","-91,000,000","10,709,000,000",,"73,000,000","301,000,000","-1,309,000,000",,"93,000,000","-1,690,000,000",,"7,503,000,000"
09/30/2015,"2,610,000,000","2,610,000,000","79,000,000","2,000,000",,"2,000,000",,"1,599,000,000","1,599,000,000",,,,"-63,000,000","-63,000,000",,"544,000,000","-95,000,000","-1,283,000,000","1,827,000,000","-588,000,000","-588,000,000","-1,537,000,000",,"2,173,000,000","2,030,000,000","2,030,000,000","143,000,000",,,,"1,779,000,000","-1,377,000,000","-1,377,000,000","-1,195,000,000","-1,195,000,000",,"-105,000,000","-105,000,000",,"-77,000,000","-1,122,000,000","1,045,000,000",,"-730,000,000","-730,000,000","-825,000,000","-825,000,000","33,000,000","-858,000,000",,,,,,,,,,"95,000,000","10,709,000,000","503,000,000","-63,000,000","10,269,000,000",,"80,000,000","7,000,000","-1,195,000,000",,"33,000,000","-858,000,000",,"1,415,000,000"
06/30/2015,"1,997,000,000","1,997,000,000","92,000,000","1,000,000",,"1,000,000",,"1,504,000,000","1,504,000,000",,,,"-43,000,000","-43,000,000",,"563,000,000","-95,000,000","-1,209,000,000","1,184,000,000","-430,000,000","-430,000,000","-27,000,000",,"244,000,000","373,000,000","373,000,000","-129,000,000",,,,"1,397,000,000","-1,376,000,000","-1,376,000,000","-1,213,000,000","-1,213,000,000",,"-8,000,000","-8,000,000",,"-155,000,000","-625,000,000","470,000,000",,"-691,000,000","-691,000,000","-786,000,000","-786,000,000","44,000,000","-830,000,000",,,,,,,,,,"95,000,000","10,269,000,000","-70,000,000","102,000,000","10,237,000,000",,"65,000,000","152,000,000","-1,213,000,000",,"44,000,000","-830,000,000",,"784,000,000"
03/31/2015,"-1,499,000,000","-1,499,000,000","-57,000,000","1,000,000",,"1,000,000",,"1,426,000,000","1,426,000,000",,,,"-2,000,000","-2,000,000",,"407,000,000","-22,000,000","-1,028,000,000","-2,224,000,000","441,000,000","441,000,000","721,000,000",,"-5,189,000,000","-4,249,000,000","-4,249,000,000","-940,000,000",,,,"1,803,000,000","-1,847,000,000","-1,847,000,000","-871,000,000","-871,000,000",,"-365,000,000","-365,000,000",,"-611,000,000","-986,000,000","375,000,000",,"-652,000,000","-652,000,000","-674,000,000","-674,000,000","183,000,000","-857,000,000",,,,,,,,,,"22,000,000","10,237,000,000","-3,998,000,000","-322,000,000","14,557,000,000",,"55,000,000","17,000,000","-871,000,000",,"183,000,000","-857,000,000",,"-2,370,000,000"
12/31/2014,"6,715,000,000","6,715,000,000","214,000,000","1,000,000",,"1,000,000",,"1,380,000,000","1,380,000,000",,,,"187,000,000","187,000,000",,"408,000,000","115,000,000","-1,225,000,000","5,635,000,000","-1,105,000,000","-1,105,000,000","-1,139,000,000",,"6,501,000,000","5,053,000,000","5,053,000,000","1,448,000,000",,,,"1,378,000,000","-2,465,000,000","-2,465,000,000","-1,145,000,000","-1,145,000,000",,"-53,000,000","-53,000,000",,"-1,267,000,000","-1,622,000,000","355,000,000",,"5,209,000,000","5,209,000,000","5,324,000,000","5,324,000,000","5,980,000,000","-656,000,000",,,,,,,,,,"-115,000,000","14,557,000,000","9,459,000,000","-160,000,000","5,258,000,000",,"29,000,000","35,000,000","-1,145,000,000",,"5,980,000,000","-656,000,000",,"5,570,000,000"
09/30/2014,"1,766,000,000","1,766,000,000","-437,000,000","-3,000,000",,"-3,000,000",,"1,247,000,000","1,247,000,000",,,,"-270,000,000","-270,000,000",,"377,000,000",0,"-738,000,000","1,590,000,000","-362,000,000","-362,000,000","-845,000,000",,"1,728,000,000","1,724,000,000","1,724,000,000","4,000,000",,,,"1,069,000,000","-946,000,000","-946,000,000","-1,378,000,000","-1,378,000,000",,"-860,000,000","-860,000,000",,"1,292,000,000","-147,000,000","1,439,000,000",,"-412,000,000","-412,000,000","-412,000,000","-412,000,000","28,000,000","-440,000,000",,,,,,,,,,,"5,258,000,000","408,000,000","-207,000,000","5,057,000,000",,"38,000,000","7,000,000","-1,378,000,000",,"28,000,000","-440,000,000",,"388,000,000"
06/30/2014,"862,000,000","862,000,000","-126,000,000","-1,000,000",,"-1,000,000",,"1,109,000,000","1,109,000,000",,,,"-49,000,000","-49,000,000",,"391,000,000",0,"-790,000,000","328,000,000","-299,000,000","-299,000,000","92,000,000",,"-359,000,000","-344,000,000","-344,000,000","-15,000,000",,,,"894,000,000","-731,000,000","-731,000,000","-1,290,000,000","-1,290,000,000",,"-67,000,000","-67,000,000",,"626,000,000","-336,000,000","962,000,000",,"-189,000,000","-189,000,000","-189,000,000","-189,000,000","286,000,000","-475,000,000",,,,,,,,,,,"5,057,000,000","-58,000,000","41,000,000","5,074,000,000",,"71,000,000","31,000,000","-1,290,000,000",,"286,000,000","-475,000,000",,"-428,000,000"
03/31/2014,"-2,502,000,000","-2,502,000,000","108,000,000",,,,,"1,010,000,000","1,010,000,000",,,,"-185,000,000","-185,000,000",,"321,000,000","-121,000,000","-747,000,000","-2,888,000,000","727,000,000","727,000,000","699,000,000",,"-5,406,000,000","-4,675,000,000","-4,675,000,000","-731,000,000",,,,"1,092,000,000","-924,000,000","-924,000,000","-1,080,000,000","-1,080,000,000",,0,0,,"156,000,000","-437,000,000","593,000,000",,"-175,000,000","-175,000,000","-296,000,000","-296,000,000","65,000,000","-361,000,000",,,,,,,,,,"121,000,000","5,074,000,000","-3,601,000,000","17,000,000","8,658,000,000",,"38,000,000","18,000,000","-1,080,000,000",,"65,000,000","-361,000,000",,"-3,582,000,000"
12/31/2013,"5,578,000,000","5,578,000,000","240,000,000",0,,0,,"962,000,000","962,000,000",,,,"-109,000,000","-109,000,000",,"326,000,000","-78,000,000","-730,000,000","4,967,000,000","-1,239,000,000","-1,239,000,000","-1,330,000,000",,"6,717,000,000","5,128,000,000","5,128,000,000","1,589,000,000",,,,"819,000,000","-844,000,000","-844,000,000","-879,000,000","-879,000,000",,"-60,000,000","-60,000,000",,"95,000,000","-420,000,000","515,000,000",,"57,000,000","57,000,000","-21,000,000","-21,000,000","262,000,000","-283,000,000",,,,0,,0,,,,"78,000,000","8,658,000,000","4,791,000,000","-5,000,000","3,872,000,000",,"26,000,000","37,000,000","-879,000,000",,"262,000,000","-283,000,000",0,"4,699,000,000"
09/30/2013,"1,388,000,000","1,388,000,000","-41,000,000","1,000,000",,"1,000,000",,"834,000,000","834,000,000",,,,"11,000,000","11,000,000",,"281,000,000",0,"-534,000,000","836,000,000","-125,000,000","-125,000,000","-586,000,000",,"875,000,000","947,000,000","947,000,000","-72,000,000",,,,"672,000,000","-1,063,000,000","-1,063,000,000","-1,038,000,000","-1,038,000,000",,"-1,000,000","-1,000,000",,"-24,000,000","-518,000,000","494,000,000",,"-230,000,000","-230,000,000","-230,000,000","-230,000,000","25,000,000","-255,000,000",,,,0,,0,,,,,"3,872,000,000","95,000,000","73,000,000","3,704,000,000",,"23,000,000","8,000,000","-1,038,000,000",,"25,000,000","-255,000,000",0,"350,000,000"
06/30/2013,"880,000,000","880,000,000","-7,000,000",,,,,"756,000,000","756,000,000",,,,"21,000,000","21,000,000",,"298,000,000",0,"-386,000,000","198,000,000","-211,000,000","-211,000,000","-30,000,000",,"-77,000,000",,0,"-77,000,000",,,,"516,000,000","-1,420,000,000","-1,420,000,000","-855,000,000","-855,000,000",,"-148,000,000","-148,000,000",,"-417,000,000","-1,113,000,000","696,000,000",,"-209,000,000","-209,000,000","-209,000,000","-209,000,000","81,000,000","-290,000,000",,,,0,,0,,,,,"3,704,000,000","-749,000,000","-28,000,000","4,481,000,000",,"34,000,000","39,000,000","-855,000,000",,"81,000,000","-290,000,000",0,"25,000,000"
03/31/2013,"-2,372,000,000","-2,372,000,000","82,000,000",,,,,"700,000,000","700,000,000",,,,"-80,000,000","-80,000,000",,"229,000,000",0,"-361,000,000","-2,942,000,000","729,000,000","729,000,000","535,000,000",,"-4,890,000,000","-4,187,000,000","-4,187,000,000","-703,000,000",,,,"684,000,000","-950,000,000","-950,000,000","-670,000,000","-670,000,000",,"-103,000,000","-103,000,000",,"-177,000,000","-776,000,000","599,000,000",,"-157,000,000","-157,000,000","-157,000,000","-157,000,000","25,000,000","-182,000,000",,,,0,,0,,,,,"4,481,000,000","-3,479,000,000","-124,000,000","8,084,000,000",,"86,000,000","13,000,000","-670,000,000",,"25,000,000","-182,000,000",0,"-3,042,000,000"
12/31/2012,"5,081,000,000","5,081,000,000","98,000,000","-1,000,000",,"-1,000,000",,"662,000,000","662,000,000",,,,"-148,000,000","-148,000,000",,"236,000,000","-239,000,000","-410,000,000","4,883,000,000","-1,025,000,000","-1,025,000,000","-974,000,000",,"6,337,000,000","4,926,000,000","4,926,000,000","1,411,000,000",,,,"545,000,000","-3,082,000,000","-3,082,000,000","-2,026,000,000","-2,026,000,000",,"-34,000,000","-34,000,000",,"-1,022,000,000","-1,528,000,000","506,000,000",,"3,166,000,000","3,166,000,000","2,927,000,000","2,927,000,000","3,078,000,000","-151,000,000",,,,0,,0,,,,"239,000,000","8,084,000,000","5,165,000,000","-61,000,000","2,980,000,000",,"52,000,000","10,000,000","-2,026,000,000",,"3,078,000,000","-151,000,000",0,"3,055,000,000"
09/30/2012,"943,000,000","943,000,000","-274,000,000","-4,000,000",,"-4,000,000",,"554,000,000","554,000,000","554,000,000",,,"-36,000,000","-36,000,000",,"217,000,000","-66,000,000","-176,000,000","728,000,000","-416,000,000","-416,000,000","-647,000,000",,"1,319,000,000","1,223,000,000","1,223,000,000","96,000,000",,,,"472,000,000","-369,000,000","-369,000,000","-716,000,000","-716,000,000",,"-37,000,000","-37,000,000",,"384,000,000","-358,000,000","742,000,000",,"31,000,000","31,000,000","-35,000,000","-35,000,000","109,000,000","-144,000,000",,,,0,,0,,,,"66,000,000","2,980,000,000","605,000,000","40,000,000","2,335,000,000",,"21,000,000","7,000,000","-716,000,000",,"109,000,000","-144,000,000",0,"227,000,000"
06/30/2012,"594,000,000","594,000,000","7,000,000","-2,000,000",,"-2,000,000",,"485,000,000","485,000,000","485,000,000",,,"-43,000,000","-43,000,000",,"221,000,000","-85,000,000","-320,000,000","331,000,000","-166,000,000","-166,000,000","-124,000,000",,"239,000,000","180,000,000","180,000,000","59,000,000",,,,"382,000,000","-595,000,000","-595,000,000","-657,000,000","-657,000,000",,"-624,000,000","-624,000,000",,"686,000,000","-565,000,000","1,251,000,000",,"67,000,000","67,000,000","-18,000,000","-18,000,000","123,000,000","-141,000,000",,,,0,,0,,,,"85,000,000","2,335,000,000","66,000,000","-19,000,000","2,288,000,000",,"20,000,000","8,000,000","-657,000,000",,"123,000,000","-141,000,000",0,"-63,000,000"
03/31/2012,"-2,438,000,000","-2,438,000,000","130,000,000","-2,000,000",,"-2,000,000",,"457,000,000","457,000,000","457,000,000",,,"-38,000,000","-38,000,000",,"160,000,000","-40,000,000","-208,000,000","-2,897,000,000","746,000,000","746,000,000","747,000,000",,"-4,787,000,000","-4,258,000,000","-4,258,000,000","-529,000,000",,,,"397,000,000","450,000,000","450,000,000","-386,000,000","-386,000,000",,"-50,000,000","-50,000,000",,"886,000,000","-852,000,000","1,738,000,000",,"-1,005,000,000","-1,005,000,000","-85,000,000","-85,000,000","68,000,000","-153,000,000",,,,"-960,000,000",,"-960,000,000",,,,"40,000,000","2,288,000,000","-2,993,000,000","12,000,000","5,269,000,000",,"19,000,000","6,000,000","-386,000,000",,"68,000,000","-153,000,000","-960,000,000","-2,824,000,000"
12/31/2011,"4,269,000,000","4,269,000,000","177,000,000",0,,0,,"359,000,000","359,000,000","359,000,000",,,"68,000,000","68,000,000",,"160,000,000","-1,000,000","-275,000,000","3,781,000,000","-1,077,000,000","-1,077,000,000","-1,260,000,000",,"5,760,000,000","4,684,000,000","4,684,000,000","1,076,000,000",,,,"358,000,000","-1,469,000,000","-1,469,000,000","-550,000,000","-550,000,000",,"-49,000,000","-49,000,000",,"-870,000,000","-1,782,000,000","912,000,000",,"-333,000,000","-333,000,000","-57,000,000","-57,000,000","46,000,000","-103,000,000",,,,"-277,000,000",,"-277,000,000",,,,"1,000,000","5,269,000,000","2,467,000,000","-21,000,000","2,823,000,000",,"15,000,000","4,000,000","-550,000,000",,"46,000,000","-103,000,000","-277,000,000","3,719,000,000"
09/30/2011,"797,000,000","797,000,000","63,000,000","-6,000,000",,"-6,000,000",,"278,000,000","278,000,000","278,000,000",,,"34,000,000","34,000,000",,"144,000,000",0,"-250,000,000","534,000,000","-75,000,000","-75,000,000","-587,000,000",,"957,000,000","848,000,000","848,000,000","109,000,000",,,,"239,000,000","100,000,000","100,000,000","-529,000,000","-529,000,000",,"-48,000,000","-48,000,000",,"677,000,000","-1,287,000,000","1,964,000,000",,"-82,000,000","-82,000,000","-82,000,000","-82,000,000","9,000,000","-91,000,000",,,,0,,0,,,,0,"2,823,000,000","815,000,000","-39,000,000","2,047,000,000",,"12,000,000","4,000,000","-529,000,000",,"9,000,000","-91,000,000",0,"268,000,000"
06/30/2011,"423,000,000","423,000,000","191,000,000","1,000,000",,"1,000,000",,"244,000,000","244,000,000","244,000,000",,,"20,000,000","20,000,000",,"144,000,000","-15,000,000","-249,000,000","87,000,000","-73,000,000","-73,000,000","-274,000,000",,"177,000,000","114,000,000","114,000,000","63,000,000",,,,"257,000,000","-951,000,000","-951,000,000","-433,000,000","-433,000,000",,"-469,000,000","-469,000,000",,"-49,000,000","-2,077,000,000","2,028,000,000",,"-91,000,000","-91,000,000","-106,000,000","-106,000,000","34,000,000","-140,000,000",,,,,,,,,,"15,000,000","2,047,000,000","-619,000,000","25,000,000","2,641,000,000",,"-1,000,000","3,000,000","-433,000,000",,"34,000,000","-140,000,000",,"-10,000,000"
03/31/2011,"-1,586,000,000","-1,586,000,000","201,000,000","2,000,000",,"2,000,000",,"202,000,000","202,000,000","202,000,000",,,"15,000,000","15,000,000",,"110,000,000","-46,000,000","-150,000,000","-1,920,000,000","359,000,000","359,000,000","343,000,000",,"-2,832,000,000","-2,649,000,000","-2,649,000,000","-183,000,000",,,,"210,000,000","390,000,000","390,000,000","-298,000,000","-298,000,000",,"-139,000,000","-139,000,000",,"827,000,000","-1,112,000,000","1,939,000,000",,"24,000,000","24,000,000","-22,000,000","-22,000,000","89,000,000","-111,000,000",,,,,,,,,,"46,000,000","2,641,000,000","-1,172,000,000","36,000,000","3,777,000,000",,"7,000,000","3,000,000","-298,000,000",,"89,000,000","-111,000,000",,"-1,884,000,000"
12/31/2010,"3,488,000,000","3,488,000,000","416,000,000",0,,0,,"169,000,000","169,000,000","169,000,000",,,"48,000,000","48,000,000",,"120,000,000","-23,000,000","-251,000,000","3,009,000,000","-643,000,000","-643,000,000","-693,000,000",,"4,160,000,000","3,451,000,000","3,451,000,000","709,000,000",,,,"185,000,000","-1,215,000,000","-1,215,000,000","-328,000,000","-328,000,000",,"-270,000,000","-270,000,000",,"-617,000,000","-1,728,000,000","1,111,000,000",,"-43,000,000","-43,000,000","-66,000,000","-66,000,000","33,000,000","-99,000,000",,,,0,,0,,,,"23,000,000","3,777,000,000","2,230,000,000","8,000,000","1,539,000,000",,"13,000,000","3,000,000","-328,000,000",,"33,000,000","-99,000,000",0,"3,160,000,000"
09/30/2010,"855,000,000","855,000,000","231,000,000","-2,000,000",,"-2,000,000",,"150,000,000","150,000,000","150,000,000",,,"-16,000,000","-16,000,000",,"107,000,000","-75,000,000","-209,000,000","669,000,000","-64,000,000","-64,000,000","-505,000,000",,"1,086,000,000","894,000,000","894,000,000","192,000,000",,,,"152,000,000","-1,128,000,000","-1,128,000,000","-315,000,000","-315,000,000",,"-42,000,000","-42,000,000",,"-771,000,000","-1,830,000,000","1,059,000,000",,"93,000,000","93,000,000","18,000,000","18,000,000","67,000,000","-49,000,000",,,,0,,0,,,,"75,000,000","1,539,000,000","-180,000,000","90,000,000","1,629,000,000",,"16,000,000","3,000,000","-315,000,000",,"67,000,000","-49,000,000",0,"540,000,000"
06/30/2010,"250,000,000","250,000,000","207,000,000",,,,,"129,000,000","129,000,000",,,,"-8,000,000","-8,000,000",,"111,000,000","-75,000,000","-211,000,000","97,000,000","-42,000,000","-42,000,000","-141,000,000",,"119,000,000","-81,000,000","-81,000,000","200,000,000",,,,"161,000,000","-475,000,000","-475,000,000","-196,000,000","-196,000,000",,"-21,000,000","-21,000,000",,"-258,000,000","-1,466,000,000","1,208,000,000",,"43,000,000","43,000,000","-32,000,000","-32,000,000","5,000,000","-37,000,000",,,,0,,0,,,,"75,000,000","1,629,000,000","-182,000,000","-33,000,000","1,844,000,000",,"43,000,000","3,000,000","-196,000,000",,"5,000,000","-37,000,000",0,"54,000,000"
03/31/2010,"-1,098,000,000","-1,098,000,000","299,000,000",,,,,"119,000,000","119,000,000",,,,"-20,000,000","-20,000,000",,"87,000,000","-86,000,000","-207,000,000","-1,290,000,000","454,000,000","454,000,000","321,000,000",,"-2,253,000,000","-1,892,000,000","-1,892,000,000","-361,000,000",,,,"188,000,000","-542,000,000","-542,000,000","-140,000,000","-140,000,000",,"-19,000,000","-19,000,000",,"-383,000,000","-1,255,000,000","872,000,000",,"87,000,000","87,000,000","1,000,000","1,000,000","62,000,000","-61,000,000",,,,0,,0,,,,"86,000,000","1,844,000,000","-1,553,000,000","-47,000,000","3,444,000,000",,,,"-140,000,000",,"62,000,000","-61,000,000",0,"-1,238,000,000"
12/31/2009,"2,611,000,000","2,611,000,000","384,000,000","-1,000,000",,"-1,000,000",,"112,000,000","112,000,000",,,,"-3,000,000","-3,000,000",,"99,000,000","-53,000,000","-185,000,000","2,258,000,000","-509,000,000","-509,000,000","-339,000,000",,"2,662,000,000","2,231,000,000","2,231,000,000","431,000,000",,,,"444,000,000","-1,608,000,000","-1,608,000,000","-137,000,000","-137,000,000",,0,0,"1,000,000","-1,471,000,000","-2,160,000,000","689,000,000",,"-51,000,000","-51,000,000","-103,000,000","-103,000,000","-10,000,000","-93,000,000",,,,0,,0,,,,"52,000,000","3,444,000,000","952,000,000","-22,000,000","2,514,000,000",,"4,000,000","2,000,000","-137,000,000",,"-10,000,000","-93,000,000",0,"2,474,000,000"
09/30/2009,"799,000,000","799,000,000","199,000,000","-1,000,000",,"-1,000,000",,"96,000,000","96,000,000","96,000,000",,,"77,000,000","77,000,000",,"90,000,000","17,000,000","-143,000,000","464,000,000","-155,000,000","-155,000,000","-276,000,000",,"698,000,000","701,000,000","701,000,000","-3,000,000",,,,"197,000,000","-302,000,000","-302,000,000","-103,000,000","-103,000,000",,"-5,000,000","-5,000,000",,"-194,000,000","-780,000,000","586,000,000",,"64,000,000","64,000,000","81,000,000","81,000,000","101,000,000","-20,000,000",,,,0,,0,,,,"-17,000,000","2,514,000,000","561,000,000","17,000,000","1,936,000,000",,"10,000,000","2,000,000","-103,000,000",,"101,000,000","-20,000,000",0,"696,000,000"
06/30/2009,"468,000,000","468,000,000","142,000,000",,,0,,"84,000,000","84,000,000","84,000,000",,,"6,000,000","6,000,000",,"85,000,000","-20,000,000","-79,000,000","250,000,000","16,000,000","16,000,000","-23,000,000",,"50,000,000","56,000,000","56,000,000","-6,000,000",,,,"207,000,000","-279,000,000","-279,000,000","-78,000,000","-78,000,000",,"-19,000,000","-19,000,000",,"-182,000,000","-560,000,000","378,000,000",,"-3,000,000","-3,000,000","-23,000,000","-23,000,000","2,000,000","-25,000,000",,,,0,0,0,,,,"20,000,000","1,936,000,000","186,000,000","49,000,000","1,701,000,000",,"23,000,000","2,000,000","-78,000,000",0,"2,000,000","-25,000,000",0,"390,000,000"
03/31/2009,"-585,000,000","-585,000,000","177,000,000","-2,000,000",,"-2,000,000",,"87,000,000","87,000,000","87,000,000",,,0,0,,"67,000,000","-49,000,000","-94,000,000","-771,000,000","167,000,000","167,000,000","107,000,000",,"-1,251,000,000","-1,129,000,000","-1,129,000,000","-122,000,000",,,,"206,000,000","-147,000,000","-147,000,000","-55,000,000","-55,000,000",,"-15,000,000","-15,000,000",,"-77,000,000","-391,000,000","314,000,000",,"-291,000,000","-291,000,000","-343,000,000","-343,000,000",0,"-343,000,000",,,,0,0,0,,"3,000,000",,"49,000,000","1,701,000,000","-1,023,000,000","-45,000,000","2,769,000,000",,"11,000,000","26,000,000","-55,000,000",0,0,"-343,000,000",0,"-640,000,000"
12/31/2008,"1,571,000,000","1,571,000,000","225,000,000",0,,0,,"77,000,000","77,000,000",,,,"42,000,000","42,000,000",,"78,000,000","1,000,000","-133,000,000","1,281,000,000","-324,000,000",,"-102,000,000",,"1,544,000,000","1,336,000,000","1,336,000,000","208,000,000",,,,"163,000,000","-364,000,000","-364,000,000","-102,000,000","-102,000,000",,"-86,000,000","-86,000,000",,"-176,000,000","-448,000,000","272,000,000",,"-65,000,000","-65,000,000","35,000,000","35,000,000","35,000,000",0,,,,"-100,000,000",,"-100,000,000",,"1,000,000",,"-1,000,000","2,769,000,000","1,142,000,000","-23,000,000","1,650,000,000",,"25,000,000","3,000,000","-102,000,000",,"35,000,000",0,"-100,000,000","1,469,000,000"
09/30/2008,"424,000,000","424,000,000","118,000,000","1,000,000",,"1,000,000",,"76,000,000","76,000,000",,,,"-17,000,000","-17,000,000",,"70,000,000","-53,000,000","-103,000,000","332,000,000","-9,000,000","-9,000,000","-243,000,000",,"463,000,000","362,000,000","362,000,000","101,000,000",,,"-63,000,000","121,000,000","-6,000,000","-6,000,000","-102,000,000","-102,000,000",,"-8,000,000","-8,000,000",,"104,000,000","-478,000,000","582,000,000",,"-240,000,000","-240,000,000","-295,000,000","-295,000,000",0,"-295,000,000",,,,0,"2,000,000",0,,"2,000,000",,"53,000,000","1,650,000,000","178,000,000","-76,000,000","1,548,000,000",,"5,000,000","14,000,000","-102,000,000","2,000,000",0,"-295,000,000",0,"322,000,000"
06/30/2008,"347,000,000","347,000,000","158,000,000","-38,000,000",,,,"70,000,000","70,000,000",,,,"-10,000,000","-10,000,000",,"73,000,000","-43,000,000","-106,000,000","205,000,000","-25,000,000","-25,000,000","-35,000,000",,"178,000,000","116,000,000","116,000,000","62,000,000",,,"227,000,000","87,000,000","-301,000,000","-301,000,000","-69,000,000","-69,000,000",,"-44,000,000","-44,000,000",,"-188,000,000","-369,000,000","181,000,000",,"14,000,000","14,000,000","-35,000,000","-35,000,000","1,000,000","-36,000,000",,,,0,"6,000,000",0,,"6,000,000",,"43,000,000","1,548,000,000","60,000,000","-8,000,000","1,496,000,000",,"15,000,000","1,000,000","-69,000,000","6,000,000","1,000,000","-36,000,000",0,"278,000,000"
03/31/2008,"-645,000,000","-645,000,000","143,000,000","-3,000,000",,"-3,000,000",,"65,000,000","65,000,000","65,000,000","-64,000,000","-64,000,000","-19,000,000","-19,000,000",,"54,000,000","-64,000,000","-59,000,000","-762,000,000","139,000,000",,"148,000,000",,"-1,128,000,000","-1,003,000,000","-1,003,000,000","-125,000,000",,,"-125,000,000","79,000,000","-527,000,000","-527,000,000","-61,000,000","-61,000,000",,"-355,000,000","-355,000,000",,"-111,000,000","-382,000,000","271,000,000",,"92,000,000","92,000,000","26,000,000","26,000,000","52,000,000","-26,000,000",,,,0,"2,000,000",0,,"2,000,000",,"64,000,000","1,496,000,000","-1,080,000,000","37,000,000","2,539,000,000",,"8,000,000","46,000,000","-61,000,000","2,000,000","52,000,000","-26,000,000",0,"-706,000,000"
12/31/2007,"1,148,000,000","1,148,000,000","207,000,000",0,,0,,"63,000,000","63,000,000",,,,"-98,000,000","-98,000,000",,"55,000,000","-164,000,000","-69,000,000","1,154,000,000","-238,000,000",,"-231,000,000",,"1,544,000,000","1,144,000,000","1,144,000,000","400,000,000",,,,"79,000,000","-139,000,000","-139,000,000","-73,000,000","-73,000,000",,"-28,000,000","-28,000,000",,"-38,000,000","-153,000,000","115,000,000",,"168,000,000","168,000,000","-8,000,000","-8,000,000","3,000,000","-11,000,000",,,,0,,0,,"12,000,000",,"164,000,000","2,539,000,000","1,177,000,000","-4,000,000","1,366,000,000",,"10,000,000",0,"-73,000,000",,"3,000,000","-11,000,000",0,"1,075,000,000"
09/30/2007,"237,000,000","237,000,000","80,000,000","-6,000,000",,,,"61,000,000","61,000,000",,,,"-2,000,000","-2,000,000",,"51,000,000","-34,000,000","-41,000,000","122,000,000","-73,000,000",,"-223,000,000",,"362,000,000","304,000,000","304,000,000","58,000,000",,,"57,000,000","56,000,000","34,000,000","34,000,000","-69,000,000","-69,000,000",,"-24,000,000","-24,000,000",,"127,000,000","-83,000,000","210,000,000",,"73,000,000","73,000,000","4,000,000","4,000,000","33,000,000","-29,000,000",,,,0,"35,000,000",0,,"35,000,000",,"34,000,000","1,366,000,000","344,000,000","18,000,000","1,004,000,000",,"4,000,000","22,000,000","-69,000,000","35,000,000","33,000,000","-29,000,000",0,"168,000,000"
06/30/2007,"299,000,000","299,000,000","78,000,000","10,000,000",,,,"60,000,000","60,000,000",,,,"-2,000,000","-2,000,000",,"46,000,000","-35,000,000","-40,000,000","192,000,000","-10,000,000",,"25,000,000",,"113,000,000","82,000,000","82,000,000","31,000,000",,,"30,000,000","64,000,000","-88,000,000","-88,000,000","-47,000,000","-47,000,000",,"-22,000,000","-22,000,000",,"-19,000,000","-180,000,000","161,000,000",,"41,000,000","41,000,000","-29,000,000","-29,000,000",0,"-29,000,000",,,,0,"35,000,000",0,,"35,000,000",,"35,000,000","1,004,000,000","252,000,000","4,000,000","748,000,000",,"7,000,000","1,000,000","-47,000,000","35,000,000",0,"-29,000,000",0,"252,000,000"
03/31/2007,"-279,000,000","-279,000,000","111,000,000","3,000,000",,,,"62,000,000","62,000,000",,,,"2,000,000","2,000,000",,"34,000,000","-24,000,000","-41,000,000","-423,000,000","66,000,000",,"126,000,000",,"-660,000,000","-602,000,000","-602,000,000","-58,000,000",,,"-58,000,000","45,000,000","235,000,000","235,000,000","-34,000,000","-34,000,000",,"-1,000,000","-1,000,000",,"270,000,000","-514,000,000","784,000,000",,"-232,000,000","-232,000,000","-17,000,000","-17,000,000",0,"-17,000,000",,,,"-248,000,000","9,000,000","-248,000,000",,"9,000,000",,"24,000,000","748,000,000","-276,000,000","2,000,000","1,022,000,000",,"3,000,000","43,000,000","-34,000,000","9,000,000",0,"-17,000,000","-248,000,000","-313,000,000"
12/31/2006,"744,000,000","744,000,000","97,000,000","7,000,000",,0,,"59,000,000","59,000,000",,,,"7,000,000","7,000,000",,"30,000,000",,"-60,000,000","706,000,000","-116,000,000",,"-127,000,000",,"874,000,000","589,000,000","589,000,000","285,000,000",,,,"75,000,000","-523,000,000","-523,000,000","-50,000,000","-50,000,000",,"-2,000,000","-2,000,000",,"-471,000,000","-1,341,000,000","870,000,000",,"92,000,000","92,000,000","10,000,000","10,000,000","17,000,000","-7,000,000",,,,0,,0,,"18,000,000",,"64,000,000","1,022,000,000","313,000,000","16,000,000","693,000,000",,,,"-50,000,000",,"17,000,000","-7,000,000",0,"694,000,000"
09/30/2006,"130,000,000","130,000,000","19,000,000","-2,000,000","1,000,000","-3,000,000",,"63,000,000","63,000,000",,,,"7,000,000","7,000,000",,"30,000,000",,"-34,000,000","47,000,000","-53,000,000",,"-218,000,000",,"279,000,000","252,000,000","252,000,000","27,000,000",,,"27,000,000","39,000,000","147,000,000","147,000,000","-62,000,000","-62,000,000",,"-2,000,000","-2,000,000",,"211,000,000","-227,000,000","438,000,000",,"-268,000,000","-268,000,000","-29,000,000","-29,000,000","13,000,000","-42,000,000",,,,"-252,000,000","4,000,000","-252,000,000",,"4,000,000",,"9,000,000","693,000,000","9,000,000","1,000,000","683,000,000",,,,"-62,000,000","4,000,000","13,000,000","-42,000,000","-252,000,000","68,000,000"
06/30/2006,"130,000,000","130,000,000","22,000,000","-11,000,000","-10,000,000","-1,000,000",,"43,000,000","43,000,000",,,,"-2,000,000","-2,000,000",,"30,000,000",,"-41,000,000","89,000,000","16,000,000",,"30,000,000",,"5,000,000","4,000,000","4,000,000","1,000,000",,,"-6,000,000","38,000,000","-41,000,000","-41,000,000","-58,000,000","-58,000,000",,0,0,,"17,000,000","-232,000,000","249,000,000",,"73,000,000","73,000,000","45,000,000","45,000,000","66,000,000","-21,000,000",,,,"-1,000,000","-1,000,000",,,"7,000,000",,"21,000,000","683,000,000","162,000,000","14,000,000","507,000,000",,"3,000,000",0,"-58,000,000","-1,000,000","66,000,000","-21,000,000",,"72,000,000"
03/31/2006,"-303,000,000","-303,000,000","51,000,000","4,000,000","-4,000,000","2,000,000",,"40,000,000","40,000,000",,,,"10,000,000","10,000,000",,"11,000,000",,"-43,000,000","-376,000,000","50,000,000",,"33,000,000",,"-513,000,000","-442,000,000","-442,000,000","-71,000,000",,,"-65,000,000","54,000,000","84,000,000","84,000,000","-46,000,000","-46,000,000",,"-28,000,000","-28,000,000",,"158,000,000","-130,000,000","288,000,000",,"-296,000,000","-296,000,000","-310,000,000","-310,000,000","3,000,000","-313,000,000",,,,"14,000,000","14,000,000",,,"7,000,000",,"7,000,000","507,000,000","-515,000,000","9,000,000","1,013,000,000",,"5,000,000","63,000,000","-46,000,000","14,000,000","3,000,000","-313,000,000",,"-349,000,000"
12/31/2005,"630,000,000","630,000,000","199,000,000","-2,000,000","-3,000,000","-1,000,000",,"36,000,000","36,000,000",,,,"-46,000,000","-46,000,000",,"16,000,000",,"-60,000,000","487,000,000","-90,000,000",,"-114,000,000",,"630,000,000","498,000,000","498,000,000","132,000,000",,,"44,000,000","61,000,000","-231,000,000","-231,000,000","-55,000,000","-55,000,000",,0,0,,"-176,000,000","-359,000,000","183,000,000",,"24,000,000","24,000,000",0,0,"-2,000,000","2,000,000",,,,"24,000,000","24,000,000",,,"24,000,000",,,"1,013,000,000","423,000,000","-10,000,000","600,000,000",,"1,000,000",0,"-55,000,000","24,000,000","-2,000,000","2,000,000",,"575,000,000"
09/30/2005,"153,000,000","153,000,000","30,000,000","-2,000,000","-2,000,000",,,"30,000,000","30,000,000",,,,"23,000,000","23,000,000",,"26,000,000",,"-35,000,000","81,000,000","-12,000,000",,"-76,000,000",,"141,000,000","147,000,000","147,000,000","-6,000,000","-1,000,000",,"79,000,000","28,000,000","-206,000,000","-206,000,000","-76,000,000","-76,000,000",,"-4,000,000","-4,000,000",,"-126,000,000","-289,000,000","163,000,000",,"30,000,000","30,000,000","7,000,000","7,000,000","13,000,000","-6,000,000",,,,"23,000,000","23,000,000",,,"23,000,000",,,"600,000,000","-23,000,000","-6,000,000","629,000,000",,"6,000,000","21,000,000","-76,000,000","23,000,000","13,000,000","-6,000,000",,"77,000,000"
06/30/2005,"244,000,000","244,000,000","52,000,000","-17,000,000","-17,000,000",,,"26,000,000","26,000,000",,,,"44,000,000","44,000,000",,"26,000,000",,"-29,000,000","142,000,000","9,000,000",,"13,000,000",,"82,000,000","54,000,000","54,000,000","28,000,000","21,000,000",,"32,000,000","38,000,000","-144,000,000","-144,000,000","-46,000,000","-46,000,000",,"-5,000,000","-5,000,000",0,"-93,000,000","-235,000,000","142,000,000",,"9,000,000","9,000,000",0,0,,0,,,,"10,000,000","10,000,000",,,"9,000,000",,,"629,000,000","109,000,000","-13,000,000","533,000,000",,"1,000,000",0,"-46,000,000","10,000,000",,0,,"198,000,000"
03/31/2005,"-294,000,000","-293,500,000","78,000,000","-15,100,000","-20,900,000","1,500,000",,"28,000,000","28,000,000",,,,"50,000,000","50,000,000",,"19,000,000",,"-47,900,000","-406,000,000","10,000,000",,"72,000,000",,"-517,000,000","-425,000,000","-425,000,000","-92,000,000","-61,000,000",,"-88,000,000","29,000,000","-197,000,000","-197,000,000","-26,000,000","-26,000,000",,"-15,000,000","-15,000,000",0,"-156,000,000","-504,000,000","348,000,000",,"-256,000,000","-256,000,000","-265,000,000","-265,000,000",,"-265,000,000",,,,"9,000,000","9,000,000",,,"9,000,000",,,"533,000,000","-747,000,000","-23,000,000","1,303,000,000",,"3,000,000","84,000,000","-26,000,000","9,000,000",,"-265,000,000",,"-320,000,000"
12/31/2004,"557,567,000","557,567,000","346,688,000","17,589,000","42,260,000","-24,671,000",,"20,831,000","20,831,000",,,,,,"14,660,000","19,629,000",,"-34,155,000","429,021,000","14,097,000",,"-107,724,000",,"497,181,000","423,944,000","423,944,000","73,237,000","30,107,000",,"67,972,000","25,467,000","-65,437,000","-65,437,000","-36,755,000","-36,755,000",,0,0,0,"-28,682,000","-448,057,000","419,375,000",,"16,932,000","16,932,000","-559,000","-559,000",,"-559,000",,,,"17,491,000","17,491,000",,,"17,491,000",,,"1,302,600,000","509,062,000","47,930,000","745,608,000",,,,"-36,755,000","17,491,000",,"-559,000",,"520,812,000"
09/30/2004,"116,645,000","116,645,000","54,147,000","5,800,000","5,580,000","220,000",,"19,083,000","19,083,000",,,,,,"-139,000","9,274,000",,"-21,384,000","49,864,000","-22,868,000",,"-69,626,000",,"108,651,000","95,529,000","95,529,000","13,122,000","4,454,000",,"-29,325,000","33,707,000","-85,481,000","-85,481,000","-28,722,000","-28,722,000",,"-71,195,000","-71,195,000",0,"14,436,000","-380,651,000","395,087,000",,"7,177,000","7,177,000","-550,000","-550,000",,"-550,000",,,,"7,727,000","7,727,000",,,"7,727,000",,,"745,608,000","38,341,000","6,117,000","701,150,000",,"1,651,000","21,497,000","-28,722,000","7,727,000",,"-550,000",,"87,923,000"
06/30/2004,"143,036,000","143,036,000","76,480,000","77,000",,"77,000",,"18,129,000","18,129,000","18,129,000","-25,058,000","-25,058,000",,,,"21,692,000",,"-47,397,000","74,055,000","-3,272,000",,"-4,716,000",,"54,548,000","22,612,000","22,612,000","31,936,000","25,075,000",,"59,431,000","27,495,000","-222,289,000","-222,289,000","-14,143,000","-14,143,000",,,,,"-208,146,000","-250,702,000","42,556,000",,"19,432,000","19,432,000","-645,000","-645,000",,"-645,000",,,,"20,077,000","20,077,000",,,"20,077,000",,,"701,150,000","-59,821,000","-7,616,000","768,587,000",,"561,000","45,000","-14,143,000","20,077,000",,"-645,000",,"128,893,000"
03/31/2004,"-250,688,000","-250,688,000","111,136,000","-1,087,000",,"-1,087,000",,"17,681,000","17,681,000","17,681,000","-24,067,000","-24,067,000",,,,"7,107,000",,"-43,820,000","-341,705,000","10,298,000",,"13,170,000",,"-388,440,000","-255,994,000","-255,994,000","-132,446,000","-58,677,000",,"-109,179,000","23,267,000","55,576,000","55,576,000","-9,513,000","-9,513,000",,0,,0,"65,089,000","-504,679,000","569,768,000",,"-140,833,000","-140,833,000","-155,647,000","-155,647,000",,"-155,647,000",,,,"14,814,000","14,814,000",,,"14,814,000",,,"768,587,000","-335,945,000","2,259,000","1,102,273,000",,"447,000","86,023,000","-9,513,000","14,814,000",,"-155,647,000",,"-260,201,000"
12/31/2003,"480,963,000","480,963,000","73,154,000","-205,000",,"-205,000",0,"18,608,000","18,608,000","18,467,000","141,000","141,000",,,,"15,039,000",,"10,650,000","363,717,000","-17,998,000",,"-42,785,000",,"401,511,000","299,316,000","299,316,000","102,195,000","28,623,000",,"13,444,000","22,989,000","93,489,000","93,489,000","-17,236,000","-17,236,000",0,0,,0,"110,725,000","-121,448,000","232,173,000",,"-177,242,000","-177,242,000","-207,732,000","-207,732,000",,"-207,732,000",,,,"30,490,000","30,490,000",,,"30,490,000",,,"1,102,273,000","397,210,000","38,645,000","666,418,000",,,"3,112,000","-17,236,000","30,490,000",,"-207,732,000",,"463,727,000"
09/30/2003,"36,817,000","36,817,000","15,563,000","-141,000",,"-141,000",0,"19,124,000","19,124,000","18,338,000","786,000","786,000",,,,"20,936,000",,"-15,331,000","-3,334,000","-14,844,000",,"-62,147,000",,"43,725,000","49,535,000","49,535,000","-5,810,000","-701,000",,"82,025,000","29,932,000","-60,012,000","-60,012,000","-15,192,000","-15,192,000",,"5,072,000",,"5,072,000","-49,892,000","-71,880,000","21,988,000",,"37,798,000","37,798,000","-3,437,000","-3,437,000",,"-3,437,000",,,,"41,235,000","41,235,000",,,"41,235,000",,,"666,418,000","14,603,000","10,087,000","641,728,000",,,"30,019,000","-15,192,000","41,235,000",,"-3,437,000",,"21,625,000"
06/30/2003,"126,024,000","126,024,000","-43,314,000","-5,272,000",,"-5,272,000",0,"19,916,000","19,916,000","19,003,000","913,000","913,000",,,,"24,453,000",,"33,750,000","96,491,000","5,914,000",,"-2,479,000",,"67,304,000","45,486,000","45,486,000","21,818,000","28,956,000",,"-10,333,000","25,752,000","233,668,000","233,668,000","-7,141,000","-7,141,000",,,,,"240,809,000","-109,259,000","350,068,000",,"-227,876,000","-227,876,000","-280,918,000","-280,918,000",,"-280,918,000",,,,"53,042,000","53,042,000",,,"53,042,000",,,"641,728,000","131,816,000","14,139,000","495,773,000",,,"2,601,000","-7,141,000","53,042,000",,"-280,918,000",,"118,883,000"
03/31/2003,"-251,782,000","-251,782,000","-10,121,000","-3,544,000",,"-3,980,000","436,000","20,662,000","20,662,000","19,750,000","912,000","912,000",,,,"27,323,000",,"1,770,000","-287,872,000","27,233,000",,"30,625,000",,"-368,698,000","-226,605,000","-226,605,000","-142,093,000","-55,028,000",,"-119,125,000","22,968,000","-30,494,000","-30,494,000","-6,394,000","-6,394,000",,,,,"-24,100,000","-233,055,000","208,955,000",,"35,334,000","35,334,000","-3,221,000","-3,221,000",,"-3,221,000",,,,"38,555,000","38,555,000",,,"38,555,000",,,"495,773,000","-246,942,000","4,461,000","738,254,000",,,"84,215,000","-6,394,000","38,555,000",,"-3,221,000",,"-258,176,000"
12/31/2002,"372,579,000","372,579,000","2,651,000","36,690,000","38,499,000","-2,509,000","700,000","20,776,000","20,776,000","19,863,000","913,000","913,000",,,"2,739,000","35,680,000",,"-29,475,000","303,518,000",,,"-48,368,000",,"333,651,000","262,838,000","262,838,000","70,813,000","28,867,000",,"-41,890,000","19,763,000","-36,279,000","-36,279,000","-15,516,000","-15,516,000",,,,,"-20,763,000","-173,520,000","152,757,000",,"62,702,000","62,702,000","-2,674,000","-2,674,000",0,"-2,674,000",,,,0,0,,,"65,376,000",,,"738,254,000","399,002,000","11,688,000","327,564,000",,,"642,000","-15,516,000",0,0,"-2,674,000",,"357,063,000"
09/30/2002,"38,108,000","38,108,000","-35,080,000","-4,724,000","-123,000","-5,158,000","557,000","21,713,000","21,713,000","20,501,000","1,212,000","1,212,000",,,0,"-832,000",,"-19,206,000","76,237,000",,,"-24,029,000","-14,670,000","88,699,000","49,408,000","49,408,000","39,291,000","-1,604,000",,"6,869,000","26,237,000","11,082,000","11,082,000","-11,353,000","-11,353,000",,,,,"22,435,000","-28,186,000","50,621,000",,"1,912,000","1,912,000","-4,126,000","-4,126,000",0,"-4,126,000",,,,0,0,,,"6,038,000",,,"327,564,000","51,102,000","6,024,000","270,438,000",,,"29,898,000","-11,353,000",0,0,"-4,126,000",,"26,755,000"
06/30/2002,"4,637,000","4,637,000","-93,553,000","58,912,000","70,787,000","-13,043,000","1,168,000","22,344,000","22,344,000","20,970,000","1,374,000","1,374,000",,,"5,273,000","23,148,000",,"-23,457,000","11,970,000",,,"16,420,000","-13,430,000","-11,708,000","-27,418,000","-27,418,000","15,710,000","28,199,000",,"95,057,000","20,688,000","-93,981,000","-93,981,000","-7,440,000","-7,440,000",,,,,"-86,541,000","-299,877,000","213,336,000",,"39,434,000","39,434,000","-3,432,000","-3,432,000",0,"-3,432,000",,,,"35,457,000","35,457,000",,,"42,866,000",,,"270,438,000","-49,910,000","23,659,000","296,689,000",,,"566,000","-7,440,000","35,457,000",0,"-3,432,000",,"-2,803,000"
03/31/2002,"-241,033,000","-241,033,000","-23,150,000","-4,237,000","-6,027,000","46,000","1,744,000","22,919,000","22,919,000","20,940,000","1,979,000","1,979,000",,,"89,000","10,931,000",,"-31,073,000","-216,512,000",,,"4,674,000","-3,320,000","-246,582,000","-128,286,000","-128,286,000","-118,296,000","-52,435,000",,"-89,580,000","28,716,000","-2,506,000","-2,506,000","-4,854,000","-4,854,000",,,,,"2,348,000","-134,227,000","136,575,000",,"2,846,000","2,846,000","-4,563,000","-4,563,000",0,"-4,563,000",,,,"7,409,000","7,409,000",,,"7,409,000",,,"296,689,000","-240,693,000","-2,900,000","540,282,000",,,"80,483,000","-4,854,000","7,409,000",0,"-4,563,000",,"-245,887,000"
12/31/2001,"349,120,000","349,120,000","5,087,000","-14,835,000","-17,495,000","805,000","1,855,000","58,584,000","58,584,000","21,047,000","37,537,000","37,537,000",,,"180,000","1,937,000",,"-31,015,000","329,182,000",,,"-13,813,000","2,641,000","302,256,000","209,546,000","209,546,000","92,710,000","27,467,000",,"130,808,000","38,098,000","-232,630,000","-232,630,000","-7,534,000","-7,534,000",,"-6,198,000","-6,198,000",,"-218,898,000","-286,214,000","67,316,000",,"-2,393,000","-2,393,000","-4,440,000","-4,440,000",0,"-4,440,000",,,,0,0,,0,"2,047,000",0,,"540,282,000","114,097,000","-6,122,000","432,307,000",,,"1,194,000","-7,534,000",0,0,"-4,440,000",,"341,586,000"
09/30/2001,"-64,403,000","-64,403,000","-169,874,000","64,874,000","39,572,000","20,320,000","4,982,000","61,630,000","61,630,000","19,795,000","41,835,000","41,835,000",,,"2,382,000","-2,567,000",,"-21,385,000","537,000",,,"-659,000","2,960,000","-35,207,000","-22,594,000","-22,594,000","-12,613,000","-2,892,000",,"20,830,000","33,443,000","-95,018,000","-95,018,000","-12,925,000","-12,925,000",,0,0,,"-82,093,000","-223,817,000","141,724,000",,"94,466,000","94,466,000","-6,466,000","-6,466,000",0,"-6,466,000",,,,"99,831,000","99,831,000",,0,"1,101,000",0,,"432,307,000","-64,955,000","34,313,000","462,949,000",,,"30,275,000","-12,925,000","99,831,000",0,"-6,466,000",,"-77,328,000"
06/30/2001,"2,485,000","2,485,000","-168,359,000","-5,671,000","-16,660,000","674,000","10,315,000","71,624,000","71,624,000","20,794,000","50,830,000","50,830,000",,,"4,858,000","2,351,000",,"-18,670,000","116,352,000",,,"25,277,000","-12,203,000","78,086,000","-1,632,000","-1,632,000","79,718,000","27,447,000",,"104,910,000","25,192,000","29,803,000","29,803,000","-10,425,000","-10,425,000",,0,0,,"40,228,000","-26,743,000","66,971,000",,"3,550,000","3,550,000","-4,094,000","-4,094,000",0,"-4,094,000",,,,"7,644,000","7,644,000",,0,"7,644,000",0,,"462,949,000","35,838,000","-19,833,000","446,944,000",,,"1,198,000","-10,425,000","7,644,000",0,"-4,094,000",,"-7,940,000"
03/31/2001,"-406,984,000","-406,984,000","-234,131,000","13,202,000",,"27,000","13,175,000","73,904,000","73,904,000","23,073,000","50,831,000","50,831,000",,,"62,004,000","2,916,000",,"-50,154,000","-274,725,000",,,"19,823,000","27,334,000","-339,887,000","-229,758,000","-229,758,000","-110,129,000","-52,367,000","27,334,000","-92,124,000","18,005,000","44,551,000","44,551,000","-19,437,000","-19,437,000",,0,0,,"63,988,000","-30,378,000","94,366,000",,"11,258,000","11,258,000","5,425,000","5,425,000","10,000,000","-4,575,000",,,,"5,833,000","5,833,000",,0,"5,833,000",0,,"446,944,000","-351,175,000","-24,316,000","822,435,000",,,"86,224,000","-19,437,000","5,833,000","10,000,000","-4,575,000",,"-426,421,000"
12/31/2000,"247,653,000","247,653,000","-545,140,000","196,441,000",,"158,882,000","37,559,000","101,951,000","101,951,000","22,741,000","79,210,000","79,210,000",,,,"-1,112,000",,"-52,462,000","347,664,000",,,"-10,683,000","-9,289,000","328,909,000","180,674,000","180,674,000","148,235,000","29,160,000",,"246,053,000","38,727,000","-102,926,000","-102,926,000","-37,331,000","-37,331,000",,"-691,000","-691,000",,"-64,904,000","-88,715,000","23,811,000","-691,000","1,050,000","1,050,000","-3,930,000","-3,930,000",0,"-3,930,000",,,,"4,980,000","4,980,000",,0,"4,980,000",0,0,"822,435,000","145,777,000","29,610,000","647,048,000",,,,"-37,331,000","4,980,000",0,"-3,930,000",,"210,322,000"
09/30/2000,"-3,688,000","-3,688,000","-240,524,000","52,750,000",,"-15,571,000","68,321,000","102,051,000","102,051,000","22,857,000","79,194,000","79,194,000",,,,"4,091,000",,"-8,852,000","86,796,000",,,"8,480,000","-6,034,000","26,884,000","18,470,000","18,470,000","8,414,000","-4,473,000",,"8,211,000","57,466,000","-20,043,000","-20,043,000","-41,948,000","-41,948,000",,"-5,760,000","-5,760,000",,"27,665,000","-44,954,000","72,619,000","-5,760,000","1,287,000","1,287,000","-3,277,000","-3,277,000","500,000","-3,777,000",,,,"4,564,000","4,564,000",,0,"4,564,000",0,0,"647,048,000","-22,444,000","-50,885,000","720,377,000",,,,"-41,948,000","4,564,000","500,000","-3,777,000",,"-45,636,000"
06/30/2000,"-54,029,000","-54,029,000","-317,184,000","112,100,000",,"1,648,000","110,452,000","101,095,000","101,095,000","20,682,000","80,413,000","80,413,000",,,,"8,166,000",,"-11,546,000","53,340,000",,,"-103,000","4,104,000","48,328,000","30,442,000","30,442,000","17,886,000","18,642,000",,"17,475,000","1,011,000","9,546,000","9,546,000","-28,878,000","-28,878,000",,"-8,595,000","-8,595,000",,"47,019,000","-21,930,000","68,949,000","-8,595,000","9,995,000","9,995,000","-3,572,000","-3,572,000","1,625,000","-5,197,000",,,,"13,794,000","13,794,000",,0,"13,794,000","-227,000","-227,000","720,377,000","-34,488,000","-268,000","755,133,000",,,"7,996,000","-28,878,000","13,794,000","1,625,000","-5,197,000",,"-82,907,000"
03/31/2000,"-320,514,000","-320,514,000","-308,425,000","85,664,000",,"-2,600,000","88,264,000","101,135,000","101,135,000","18,180,000","82,955,000","82,955,000",,,,"13,652,000",,"-10,721,000","-201,819,000",,,"48,389,000","2,634,000","-253,456,000","-207,229,000","-207,229,000","-46,227,000","-8,988,000",,"-45,613,000","614,000","-393,534,000","-393,534,000","-26,601,000","-26,601,000",,"-47,487,000","-47,487,000",,"-319,446,000","-1,333,393,000","1,013,947,000","-47,487,000","680,815,000","680,815,000","675,351,000","675,351,000","679,374,000","-4,023,000",,,,"21,359,000","21,359,000",,0,"21,359,000","-15,895,000","-15,895,000","84,087,000","-33,233,000","358,000","116,962,000",,,,"-26,601,000","21,359,000","679,374,000","-4,023,000",,"-347,115,000"
12/31/1999,"31,506,000","31,506,000","-323,213,000","79,371,000",,,,"211,995,000","211,995,000","13,871,000","198,124,000","198,124,000",,,,,,"-169,965,000","202,700,000",,,"-82,777,000","-27,943,000","340,776,000",,,,,,"105,025,000",,"15,711,000","15,711,000","-105,196,000","-105,196,000",,"-146,754,000",,,"267,661,000","-296,751,000","564,412,000",,"26,363,000","26,363,000","-1,176,000",,,,,,,"27,539,000","27,539,000",,,,,0,"116,962,000","73,580,000","233,000","43,149,000",,,,"-105,196,000","27,539,000",,,,"-73,690,000"
09/30/1999,"-75,573,000","-75,573,000","-197,080,000","22,006,000",,"-1,353,000","23,359,000","83,953,000","83,953,000","9,610,000","74,343,000","74,343,000",,,,"11,789,000",,"7,369,000","-3,610,000",,,"-59,406,000","-1,173,000","56,969,000","70,232,000","70,232,000","-13,263,000","-13,915,000",,"-13,263,000",,"19,742,000","19,742,000","-70,762,000","-70,762,000",,"-115,491,000","-115,491,000",,"205,995,000","-184,015,000","390,010,000",,"23,498,000","23,498,000","8,408,000","8,408,000","10,639,000","-2,231,000",,,,"15,304,000","15,304,000",,0,"15,304,000","-214,000","-214,000","73,543,000","-32,333,000","119,000","105,757,000",,,,"-70,762,000","15,304,000","10,639,000","-2,231,000",,"-146,335,000"
06/30/1999,"-29,614,000","-29,614,000","-138,008,000","3,250,000",,,,"12,769,000","12,769,000","8,102,000","4,667,000","4,667,000",,,,,,"63,613,000","28,762,000",,,"-14,151,000","-17,090,000","31,794,000",,,,,,"27,048,000",,"152,789,000","152,789,000","-92,035,000","-92,035,000",,,,,"352,186,000","-1,279,004,000","1,631,190,000",,"-86,181,000","-86,181,000","-101,230,000",,,,,,,"15,086,000","15,086,000",,,,,"-37,000","42,539,000","36,994,000","297,000","5,248,000",,,,"-92,035,000","15,086,000",,,,"-121,649,000"
03/31/1999,"-17,194,000","-17,194,000","-61,667,000","4,190,000",,,,"5,338,000","5,338,000","5,223,000","115,000","115,000",,,,,,"32,686,000","2,259,000",,,"-15,735,000","-14,423,000","19,745,000",,,,,"-1,161,000","13,833,000",,"-1,143,350,000","-1,143,350,000","-19,062,000","-19,062,000",,,,,"-1,124,288,000","-2,342,230,000","1,217,942,000",,"1,140,391,000","1,140,391,000","1,168,751,000",,,,,,,"6,540,000","6,540,000",,,,,"-34,900,000","5,248,000","-20,153,000","-160,000","25,561,000",,,,"-19,062,000","6,540,000",,,,"-36,256,000"
12/31/1998,"38,698,000","38,698,000","-46,427,000","31,611,000",,,,"-21,142,000","-21,142,000","-20,572,000","1,816,000","1,816,000",,,,,,,"48,300,000",,,"-9,729,000","-4,436,000","62,844,000",,,,,"-87,000","-585,000",,"-30,685,000","-30,685,000","-9,554,000","-9,554,000",,"-4,645,000",,,"-16,486,000","-230,901,000","214,415,000",,"2,316,000","2,316,000","-725,000",,,,,,,"-2,942,000","-2,942,000",,,,,0,"25,561,000","10,329,000","376,000","14,856,000",,,,"-9,554,000","-2,942,000",,,,"29,144,000"
09/30/1998,"-3,243,000","-3,243,000","-47,634,000","8,369,000",,,,"21,432,000","21,432,000","21,491,000","-59,000","-59,000",,,,,,,"14,590,000",,,"-2,737,000","-4,293,000","11,808,000",,,,,"-113,000","9,925,000",,"5,547,000","5,547,000","-11,065,000","-11,065,000",,"619,000",,,"15,993,000","-46,540,000","62,533,000",,"10,096,000","10,096,000","-174,000",,,,,,,"10,303,000","10,303,000",,,,,"-33,000","14,856,000","12,400,000","-376,000","2,523,000",,,,"-11,065,000","10,303,000",,,,"-14,308,000"
06/30/1998,"2,135,000","2,135,000","-21,226,000",,,,,"7,427,000","7,427,000","6,983,000","444,000","444,000",,,,,,,"8,849,000",,,"-5,344,000","-6,928,000","11,962,000",,,,,"34,000","9,125,000",,"-231,569,000","-231,569,000","-5,643,000","-5,643,000",,,,,"-210,933,000","-261,569,000","50,636,000",,"241,635,000","241,635,000",,,,,,,,"607,000","607,000",,,,,,"2,523,000","12,201,000",,"98,600,000",,,,"-5,643,000","607,000",,,,"-3,508,000"
03/31/1998,"-6,555,000","-6,555,000","-9,259,000",,,,,"1,975,000","1,975,000","1,790,000","185,000","185,000",,,,,,,"729,000",,,"-2,703,000","-1,101,000","1,677,000",,,,,"-127,000","2,983,000",,"-5,070,000","-5,070,000","-2,071,000","-2,071,000",,,,,"-2,999,000","-7,499,000","4,500,000",,"415,000","415,000",,,,,,,,"415,000","415,000",,,,,,"98,600,000","-11,210,000",,"109,810,000",,,,"-2,071,000","415,000",,,,"-8,626,000"
12/31/1997,"7,300,000","7,300,000","-9,300,000",,,,,"1,700,000","1,700,000",,,,,,,,,0,"14,900,000",,,"-6,200,000",,"17,300,000",,,,,"-1,300,000","5,100,000",,"-15,000,000","-15,000,000","-3,100,000","-3,100,000",,,,,"-11,800,000","-11,800,000",0,,"72,700,000","72,700,000",,,,,,,,0,0,,,,,,0,"65,000,000",,0,"-65,000,000",,,"-3,100,000",0,,,,"4,200,000"
09/30/1997,"-6,400,000","-6,400,000","-8,600,000",,,,,"1,400,000","1,400,000",,,,,,,,,,"700,000",,,"-1,100,000",,"5,000,000",,,,,"-700,000","-2,500,000",,"3,400,000","3,400,000","-1,900,000","-1,900,000",,,,,"5,200,000",0,,,0,0,,,,,,,,0,0,,,,,,0,"-3,000,000",,0,"3,000,000",,,"-1,900,000",0,,,,"-8,300,000"
06/30/1997,"1,400,000","1,400,000","-6,700,000",,,,,"900,000","900,000",,,,,,,,,,"7,200,000",,,"-700,000",,"2,900,000",,,,,"-300,000",,,"-10,000,000","-10,000,000","-1,300,000","-1,300,000",,,,,,,,,"49,200,000","49,200,000",,,,,,,,"49,200,000","49,200,000",,,,,,0,"40,600,000",,0,"-40,600,000",,,"-1,300,000","49,200,000",,,,"100,000"
03/31/1997,"1,200,000","1,200,000","-3,000,000",,,,,"700,000","700,000",,,,,,,,,,"3,500,000",,,"-400,000",,"4,600,000",,,,,"-700,000",,,"-900,000","-900,000","-900,000","-900,000",,,,,,,,,"600,000","600,000",,,,,,,,"600,000","600,000",,,,,,0,"900,000",,"6,200,000","-7,100,000",,,"-900,000","600,000",,,,"300,000"