name,TotalRevenue,	OperatingRevenue,CostOfRevenue,GrossProfit,OperatingExpense,	SellingGeneralAndAdministration,		GeneralAndAdministrativeExpense,			SalariesAndWages,			OtherGandA,		SellingAndMarketingExpense,	ResearchAndDevelopment,	OtherOperatingExpenses,OperatingIncome,NetNonOperatingInterestIncomeExpense,	InterestIncomeNonOperating,	InterestExpenseNonOperating,	TotalOtherFinanceCost,OtherIncomeExpense,	GainOnSaleOfSecurity,	EarningsFromEquityInterest,	SpecialIncomeCharges,		OtherSpecialCharges,		GainOnSaleOfBusiness,	OtherNonOperatingIncomeExpenses,PretaxIncome,TaxProvision,NetIncomeCommonStockholders,	NetIncome,		NetIncomeIncludingNoncontrollingInterests,			NetIncomeContinuousOperations,			NetIncomeDiscontinuousOperations,	OtherunderPreferredStockDividend,AverageDilutionEarnings,DilutedNIAvailtoComStockholders,BasicEPS,DilutedEPS,BasicAverageShares,DilutedAverageShares,TotalOperatingIncomeAsReported,TotalExpenses,NetIncomeFromContinuingAndDiscontinuedOperation,NormalizedIncome,InterestIncome,InterestExpense,NetInterestIncome,EBIT,EBITDA,ReconciledCostOfRevenue,ReconciledDepreciation,NetIncomeFromContinuingOperationNetMinorityInterest,TotalUnusualItemsExcludingGoodwill,TotalUnusualItems,NormalizedEBITDA,TaxRateForCalcs,TaxEffectOfUnusualItems
ttm,"282,836,000,000","282,836,000,000","126,203,000,000","156,633,000,000","81,791,000,000","42,291,000,000","15,724,000,000",,"15,724,000,000","26,567,000,000","39,500,000,000",,"74,842,000,000","1,817,000,000","2,174,000,000","357,000,000",,"-5,331,000,000","-6,173,000,000","-337,000,000",,,,"1,179,000,000","71,328,000,000","11,356,000,000","59,972,000,000","59,972,000,000","59,972,000,000","59,972,000,000",,,,"59,972,000,000",,,,,"74,842,000,000","207,994,000,000","59,972,000,000","65,163,493,000","2,174,000,000","357,000,000","1,817,000,000","71,685,000,000","87,613,000,000","126,203,000,000","15,928,000,000","59,972,000,000","-6,173,000,000","-6,173,000,000","93,786,000,000",0.159,"-981,507,000"
12/31/2022,"76,048,000,000","76,048,000,000","35,342,000,000","40,706,000,000","22,546,000,000","12,279,000,000","5,096,000,000",,"5,096,000,000","7,183,000,000","10,267,000,000",,"18,160,000,000","569,000,000","659,000,000","90,000,000",,"-1,582,000,000","-1,848,000,000","-31,000,000",,,,"297,000,000","17,147,000,000","3,523,000,000","13,624,000,000","13,624,000,000","13,624,000,000","13,624,000,000",,,,"13,624,000,000",1.06,1.05,"12,897,000,000","12,947,000,000","18,160,000,000","57,888,000,000","13,624,000,000","15,092,312,357.847","659,000,000","90,000,000","569,000,000","17,237,000,000",,"35,342,000,000","4,201,000,000","13,624,000,000","-1,848,000,000","-1,848,000,000","23,286,000,000",0.205,"-379,687,642.153"
09/30/2022,"69,092,000,000","69,092,000,000","31,158,000,000","37,934,000,000","20,799,000,000","10,526,000,000","3,597,000,000",,"3,597,000,000","6,929,000,000","10,273,000,000",,"17,135,000,000","514,000,000","615,000,000","101,000,000",,"-1,416,000,000","-1,514,000,000","-99,000,000",,,,"197,000,000","16,233,000,000","2,323,000,000","13,910,000,000","13,910,000,000","13,910,000,000","13,910,000,000",,,,"13,910,000,000",1.07,1.06,"13,018,000,000","13,097,000,000","17,135,000,000","51,957,000,000","13,910,000,000","15,207,498,000","615,000,000","101,000,000","514,000,000","16,334,000,000",,"31,158,000,000","4,046,000,000","13,910,000,000","-1,514,000,000","-1,514,000,000","21,894,000,000",0.143,"-216,502,000"
06/30/2022,"69,685,000,000","69,685,000,000","30,104,000,000","39,581,000,000","20,128,000,000","10,287,000,000","3,657,000,000",,"3,657,000,000","6,630,000,000","9,841,000,000",,"19,453,000,000","403,000,000","486,000,000","83,000,000",,"-842,000,000","-1,301,000,000","-118,000,000",,,,"577,000,000","19,014,000,000","3,012,000,000","16,002,000,000","16,002,000,000","16,002,000,000","16,002,000,000",,0,"1,072,000,000","17,074,000,000",1.22,1.21,"13,132,994,090","13,238,994,042","19,453,000,000","50,232,000,000","16,002,000,000","17,097,442,000","486,000,000","83,000,000","403,000,000","19,097,000,000",,"30,104,000,000","3,899,000,000","16,002,000,000","-1,301,000,000","-1,301,000,000","24,297,000,000",0.158,"-205,558,000"
03/31/2022,"68,011,000,000","68,011,000,000","29,599,000,000","38,412,000,000","18,318,000,000","9,199,000,000","3,374,000,000",,"3,374,000,000","5,825,000,000","9,119,000,000",,"20,094,000,000","331,000,000","414,000,000","83,000,000",,"-1,491,000,000","-1,510,000,000","-89,000,000",,,,"108,000,000","18,934,000,000","2,498,000,000","16,436,000,000","16,436,000,000","16,436,000,000","16,436,000,000",,,,"16,436,000,000",1.245,1.231,"13,203,414,058","13,351,013,992","20,094,000,000","47,917,000,000","16,436,000,000","17,746,680,000","414,000,000","83,000,000","331,000,000","19,017,000,000",,"29,599,000,000","3,782,000,000","16,436,000,000","-1,510,000,000","-1,510,000,000","24,309,000,000",0.132,"-199,320,000"
12/31/2021,"75,325,000,000","75,325,000,000","32,988,000,000","42,337,000,000","20,452,000,000","11,744,000,000","4,140,000,000",,"4,140,000,000","7,604,000,000","8,708,000,000",,"21,885,000,000","261,000,000","378,000,000","117,000,000",,"2,256,000,000","2,315,000,000","49,000,000",,,,"-108,000,000","24,402,000,000","3,760,000,000","20,642,000,000","20,642,000,000","20,642,000,000","20,642,000,000",,,,"20,642,000,000",1.558,1.535,"13,253,254,036","13,449,853,947","21,885,000,000","53,440,000,000","20,642,000,000","18,683,708,466.519","378,000,000","117,000,000","261,000,000","24,519,000,000",,"32,988,000,000","3,439,000,000","20,642,000,000","2,315,000,000","2,315,000,000","25,643,000,000",0.154,"356,708,466.519"
09/30/2021,"65,118,000,000","65,118,000,000","27,621,000,000","37,497,000,000","16,466,000,000","8,772,000,000","3,256,000,000",,"3,256,000,000","5,516,000,000","7,694,000,000",,"21,031,000,000","310,000,000","387,000,000","77,000,000",,"1,723,000,000","2,019,000,000","188,000,000",,,,"-484,000,000","23,064,000,000","4,128,000,000","18,936,000,000","18,936,000,000","18,936,000,000","18,936,000,000",,,,"18,936,000,000",1.422,1.4,"13,315,154,008","13,530,373,911","21,031,000,000","44,087,000,000","18,936,000,000","17,278,401,000","387,000,000","77,000,000","310,000,000","23,141,000,000",,"27,621,000,000","3,304,000,000","18,936,000,000","2,019,000,000","2,019,000,000","24,426,000,000",0.179,"361,401,000"
06/30/2021,"61,880,000,000","61,880,000,000","26,227,000,000","35,653,000,000","16,292,000,000","8,617,000,000","3,341,000,000",,"3,341,000,000","5,276,000,000","7,675,000,000",,"19,361,000,000","313,000,000","389,000,000","76,000,000",,"2,311,000,000","2,832,000,000","92,000,000",,,,"-613,000,000","21,985,000,000","3,460,000,000","18,525,000,000","18,525,000,000","18,525,000,000","18,525,000,000",,,,"18,525,000,000",1.385,1.363,"13,379,153,979","13,592,233,883","19,361,000,000","42,519,000,000","18,525,000,000","16,137,624,000","389,000,000","76,000,000","313,000,000","22,061,000,000",,"26,227,000,000","2,945,000,000","18,525,000,000","2,832,000,000","2,832,000,000","22,174,000,000",0.157,"444,624,000"
03/31/2021,"55,314,000,000","55,314,000,000","24,103,000,000","31,211,000,000","14,774,000,000","7,289,000,000","2,773,000,000",,"2,773,000,000","4,516,000,000","7,485,000,000",,"16,437,000,000","269,000,000","345,000,000","76,000,000",,"4,577,000,000","4,864,000,000","5,000,000",,,,"-292,000,000","21,283,000,000","3,353,000,000","17,930,000,000","17,930,000,000","17,930,000,000","17,930,000,000",,,,"17,930,000,000",1.332,1.315,"13,464,393,941","13,641,413,861","16,437,000,000","38,877,000,000","17,930,000,000","13,834,512,000","345,000,000","76,000,000","269,000,000","21,359,000,000",,"24,103,000,000","2,753,000,000","17,930,000,000","4,864,000,000","4,864,000,000","19,248,000,000",0.158,"768,512,000"
12/31/2020,"56,898,000,000","56,898,000,000","26,080,000,000","30,818,000,000","15,167,000,000","8,145,000,000","2,831,000,000",,"2,831,000,000","5,314,000,000","7,022,000,000",,"15,651,000,000","333,000,000","386,000,000","53,000,000",,"2,705,000,000","3,175,000,000","355,000,000",0,,,"-825,000,000","18,689,000,000","3,462,000,000","15,227,000,000","15,227,000,000","15,227,000,000","15,227,000,000",,,,"15,227,000,000",1.127,1.115,"13,511,633,919","13,659,373,853","15,651,000,000","41,247,000,000","15,227,000,000","12,640,145,433.142","386,000,000","53,000,000","333,000,000","18,742,000,000",,"26,080,000,000","3,725,000,000","15,227,000,000","3,175,000,000","3,175,000,000","19,292,000,000",0.185,"588,145,433.142"
09/30/2020,"46,173,000,000","46,173,000,000","21,117,000,000","25,056,000,000","13,843,000,000","6,987,000,000","2,756,000,000",,"2,756,000,000","4,231,000,000","6,856,000,000",,"11,213,000,000","412,000,000","460,000,000","48,000,000",,"1,734,000,000","1,931,000,000","26,000,000",0,,,"-223,000,000","13,359,000,000","2,112,000,000","11,247,000,000","11,247,000,000","11,247,000,000","11,247,000,000",,,,"11,247,000,000",0.828,0.82,"13,588,974,564","13,717,014,513","11,213,000,000","34,960,000,000","11,247,000,000","9,621,098,000","460,000,000","48,000,000","412,000,000","13,407,000,000",,"21,117,000,000","3,478,000,000","11,247,000,000","1,931,000,000","1,931,000,000","14,954,000,000",0.158,"305,098,000"
06/30/2020,"38,297,000,000","38,297,000,000","18,553,000,000","19,744,000,000","13,361,000,000","6,486,000,000","2,585,000,000",,"2,585,000,000","3,901,000,000","6,875,000,000",,"6,383,000,000","420,000,000","433,000,000","13,000,000",,"1,474,000,000","1,750,000,000","-54,000,000",0,,,"-222,000,000","8,277,000,000","1,318,000,000","6,959,000,000","6,959,000,000","6,959,000,000","6,959,000,000",,,"470,000,000","6,959,000,000",0.511,0.507,"13,635,354,545","13,740,474,503","6,383,000,000","31,914,000,000","6,959,000,000","5,487,250,000","433,000,000","13,000,000","420,000,000","8,290,000,000",,"18,553,000,000","3,386,000,000","6,959,000,000","1,750,000,000","1,750,000,000","9,926,000,000",0.159,"278,250,000"
03/31/2020,"41,159,000,000","41,159,000,000","18,982,000,000","22,177,000,000","14,200,000,000","7,380,000,000","2,880,000,000",,"2,880,000,000","4,500,000,000","6,820,000,000",,"7,977,000,000","565,000,000","586,000,000","21,000,000",,"-785,000,000","-883,000,000","74,000,000",0,,,"24,000,000","7,757,000,000","921,000,000","6,836,000,000","6,836,000,000","6,836,000,000","6,836,000,000",,,,"6,836,000,000",0.498,0.494,"13,729,294,508","13,845,334,461","7,977,000,000","33,182,000,000","6,836,000,000","7,613,923,000","586,000,000","21,000,000","565,000,000","7,778,000,000",,"18,982,000,000","3,108,000,000","6,836,000,000","-883,000,000","-883,000,000","11,769,000,000",0.119,"-105,077,000"
12/31/2019,"46,075,000,000","64,133,000,000","21,020,000,000","25,055,000,000","15,789,000,000","8,567,000,000","2,829,000,000",,"2,829,000,000","5,738,000,000","7,222,000,000",,"9,266,000,000","604,000,000","621,000,000","17,000,000",,"834,000,000","439,000,000","460,000,000",0,0,,"-65,000,000","10,704,000,000","33,000,000","10,671,000,000","10,671,000,000","10,671,000,000","10,671,000,000",,,,"10,671,000,000",0.775,0.768,"13,776,114,489","13,903,874,438","9,266,000,000","36,809,000,000","10,671,000,000","10,233,353,419.283","621,000,000","17,000,000","604,000,000","10,721,000,000",,"21,020,000,000","3,413,000,000","10,671,000,000","439,000,000","439,000,000","13,695,000,000",0.003,"1,353,419.283"
09/30/2019,"40,499,000,000","34,071,000,000","17,568,000,000","22,931,000,000","13,754,000,000","7,200,000,000","2,591,000,000",,"2,591,000,000","4,609,000,000","6,554,000,000",,"9,177,000,000","608,000,000","631,000,000","23,000,000",,"-1,157,000,000","-1,438,000,000","-14,000,000",0,,,"295,000,000","8,628,000,000","1,560,000,000","7,068,000,000","7,068,000,000","7,068,000,000","7,068,000,000",,,,"7,068,000,000",0.51,0.506,"13,858,817,986","13,963,974,414","9,177,000,000","31,322,000,000","7,068,000,000","8,245,722,000","631,000,000","23,000,000","608,000,000","8,651,000,000",,"17,568,000,000","2,920,000,000","7,068,000,000","-1,438,000,000","-1,438,000,000","13,009,000,000",0.181,"-260,278,000"
06/30/2019,"38,944,000,000","38,944,000,000","17,296,000,000","21,648,000,000","12,468,000,000","6,255,000,000","2,043,000,000",,"2,043,000,000","4,212,000,000","6,213,000,000",,"9,180,000,000","628,000,000","653,000,000","25,000,000",,"2,339,000,000","2,745,000,000","-16,000,000",0,,,"-390,000,000","12,147,000,000","2,200,000,000","9,947,000,000","9,947,000,000","9,947,000,000","9,947,000,000",,,,"9,947,000,000",0.717,0.711,"13,882,757,880","13,999,074,400","9,180,000,000","29,764,000,000","9,947,000,000","7,698,845,000","653,000,000","25,000,000","628,000,000","12,172,000,000",,"17,296,000,000","2,835,000,000","9,947,000,000","2,745,000,000","2,745,000,000","12,262,000,000",0.181,"496,845,000"
03/31/2019,"36,339,000,000","36,339,000,000","16,012,000,000","20,327,000,000","12,022,000,000","5,993,000,000","2,088,000,000",,"2,088,000,000","3,905,000,000","6,029,000,000",,"8,305,000,000","487,000,000","522,000,000","35,000,000",,"-646,000,000","1,155,000,000","-40,000,000","-1,697,000,000","1,697,000,000",,"-64,000,000","8,146,000,000","1,489,000,000","6,657,000,000","6,657,000,000","6,657,000,000","6,657,000,000",,,,"6,657,000,000",0.479,0.475,"13,897,697,990","14,017,574,392","6,608,000,000","28,034,000,000","6,657,000,000","7,099,814,000","522,000,000","35,000,000","487,000,000","8,181,000,000",,"16,012,000,000","2,613,000,000","6,657,000,000","-542,000,000","-542,000,000","11,336,000,000",0.183,"-99,186,000"
12/31/2018,"39,276,000,000","52,695,000,000","17,918,000,000","21,358,000,000","13,155,000,000","7,121,000,000","2,021,000,000",,"2,021,000,000","5,100,000,000","6,034,000,000",,"8,203,000,000","513,000,000","542,000,000","29,000,000",,"1,356,000,000","1,269,000,000","19,000,000",0,0,,"68,000,000","10,072,000,000","1,124,000,000","8,948,000,000","8,948,000,000","8,948,000,000","8,948,000,000",,,,"8,948,000,000",0.644,0.639,"13,905,200,343","14,017,974,392","8,203,000,000","31,073,000,000","8,948,000,000","7,820,615,965.052","542,000,000","29,000,000","513,000,000","10,101,000,000",,"17,918,000,000","2,580,000,000","8,948,000,000","1,269,000,000","1,269,000,000","11,412,000,000",0.112,"141,615,965.052"
09/30/2018,"33,740,000,000","29,100,000,000","14,281,000,000","19,459,000,000","11,149,000,000","5,917,000,000","2,068,000,000",,"2,068,000,000","3,849,000,000","5,232,000,000",,"8,310,000,000","453,000,000","481,000,000","28,000,000",,"1,320,000,000","1,298,000,000","-27,000,000",0,,,"49,000,000","10,083,000,000","891,000,000","9,192,000,000","9,192,000,000","9,192,000,000","9,192,000,000",,,,"9,192,000,000",0.661,0.653,"13,916,724,183","14,077,174,369","8,310,000,000","25,430,000,000","9,192,000,000","8,008,224,000","481,000,000","28,000,000","453,000,000","10,111,000,000",,"14,281,000,000","2,355,000,000","9,192,000,000","1,298,000,000","1,298,000,000","11,168,000,000",0.088,"114,224,000"
06/30/2018,"32,657,000,000","32,657,000,000","13,883,000,000","18,774,000,000","10,896,000,000","5,782,000,000","2,002,000,000",,"2,002,000,000","3,780,000,000","5,114,000,000",,"7,878,000,000","429,000,000","456,000,000","27,000,000",,"-4,092,000,000","1,035,000,000","-105,000,000","-5,071,000,000","5,071,000,000",,"49,000,000","4,215,000,000","1,020,000,000","3,195,000,000","3,195,000,000","3,195,000,000","3,195,000,000",,,,"3,195,000,000",0.23,0.227,"13,891,298,791","14,064,934,374","2,807,000,000","24,779,000,000","3,195,000,000","6,254,288,000","456,000,000","27,000,000","429,000,000","4,242,000,000",,"13,883,000,000","2,114,000,000","3,195,000,000","-4,036,000,000","-4,036,000,000","10,392,000,000",0.242,"-976,712,000"
03/31/2018,"31,146,000,000","31,146,000,000","13,467,000,000","17,679,000,000","10,678,000,000","5,639,000,000","2,035,000,000",,"2,035,000,000","3,604,000,000","5,039,000,000",,"7,001,000,000","369,000,000","399,000,000","30,000,000",,"3,173,000,000","2,968,000,000","-7,000,000",,,,"212,000,000","10,543,000,000","1,142,000,000","9,401,000,000","9,401,000,000","9,401,000,000","9,401,000,000",,,,"9,401,000,000",0.677,0.667,"13,896,520,679","14,102,674,358","7,001,000,000","24,145,000,000","9,401,000,000","6,753,544,000","399,000,000","30,000,000","369,000,000","10,573,000,000",,"13,467,000,000","1,986,000,000","9,401,000,000","2,968,000,000","2,968,000,000","9,591,000,000",0.108,"320,544,000"
12/31/2017,"32,323,000,000","27,636,000,000","14,267,000,000","18,056,000,000","10,392,000,000","6,086,000,000","1,776,000,000",,"1,776,000,000","4,310,000,000","4,306,000,000",,"7,664,000,000","364,000,000","400,000,000","36,000,000",,"-10,000,000","-54,000,000",,0,0,,"44,000,000","8,018,000,000","11,038,000,000","-3,020,000,000","-3,020,000,000","-3,020,000,000","-3,020,000,000",,,,"-3,020,000,000",-0.218,-0.218,"13,885,051,917","13,892,074,443","7,664,000,000","24,659,000,000","-3,020,000,000","-2,987,600,000","400,000,000","36,000,000","364,000,000","8,054,000,000",,"14,267,000,000","2,026,000,000","-3,020,000,000","-54,000,000","-54,000,000","10,134,000,000",0.4,"-21,600,000"
09/30/2017,"27,772,000,000","24,367,000,000","11,148,000,000","16,624,000,000","8,842,000,000","4,637,000,000","1,595,000,000",,"1,595,000,000","3,042,000,000","4,205,000,000",,"7,782,000,000","279,000,000","306,000,000","27,000,000",,"-82,000,000","-129,000,000",,0,,,"47,000,000","7,979,000,000","1,247,000,000","6,732,000,000","6,732,000,000","6,732,000,000","6,732,000,000",,,,"6,732,000,000",0.486,0.479,"13,866,111,858","14,074,314,370","7,782,000,000","19,990,000,000","6,732,000,000","6,840,876,000","306,000,000","27,000,000","279,000,000","8,006,000,000",,"11,148,000,000","1,761,000,000","6,732,000,000","-129,000,000","-129,000,000","9,896,000,000",0.156,"-20,124,000"
06/30/2017,"26,010,000,000","22,920,000,000","10,373,000,000","15,637,000,000","8,769,000,000","4,597,000,000","1,700,000,000",,"1,700,000,000","2,897,000,000","4,172,000,000",,"6,868,000,000","273,000,000","294,000,000","21,000,000",,"-2,764,000,000","-62,000,000",,"-2,736,000,000","2,736,000,000",,"34,000,000","4,377,000,000","853,000,000","3,524,000,000","3,524,000,000","3,524,000,000","3,524,000,000",,,,"3,524,000,000",0.255,0.251,"13,846,752,811","14,070,054,371","4,132,000,000","19,142,000,000","3,524,000,000","5,776,390,000","294,000,000","21,000,000","273,000,000","4,398,000,000",,"10,373,000,000","1,625,000,000","3,524,000,000","-2,798,000,000","-2,798,000,000","8,821,000,000",0.195,"-545,610,000"
03/31/2017,"24,750,000,000","24,750,000,000","9,795,000,000","14,955,000,000","8,387,000,000","4,445,000,000","1,801,000,000",,"1,801,000,000","2,644,000,000","3,942,000,000",,"6,568,000,000","287,000,000","312,000,000","25,000,000",,"-36,000,000","-70,000,000",,,,,"34,000,000","6,819,000,000","1,393,000,000","5,426,000,000","5,426,000,000","5,426,000,000","5,426,000,000",,,,"5,426,000,000",0.393,0.387,"13,824,198,292","14,040,714,383","6,568,000,000","18,182,000,000","5,426,000,000","5,481,720,000","312,000,000","25,000,000","287,000,000","6,844,000,000",,"9,795,000,000","1,503,000,000","5,426,000,000","-70,000,000","-70,000,000","8,417,000,000",0.204,"-14,280,000"
12/31/2016,"26,064,000,000","15,984,000,000","10,661,000,000","15,403,000,000","8,764,000,000","5,142,000,000","2,024,000,000",,"2,024,000,000","3,118,000,000","3,622,000,000",,"6,639,000,000","292,000,000","325,000,000","33,000,000",,"-74,000,000","-109,000,000",,,,,"35,000,000","6,857,000,000","1,524,000,000","5,333,000,000","5,333,000,000","5,333,000,000","5,333,000,000",,0,,"5,333,000,000",0.387,0.378,"13,798,183,355","14,004,414,398","6,639,000,000","19,425,000,000","5,333,000,000","5,417,774,245.297","325,000,000","33,000,000","292,000,000","6,890,000,000",,"10,661,000,000","1,687,000,000","5,333,000,000","-109,000,000","-109,000,000","8,686,000,000",0.222,"-24,225,754.703"
09/30/2016,"22,451,000,000","22,451,000,000","8,699,000,000","13,752,000,000","7,985,000,000","4,389,000,000","1,824,000,000",,"1,824,000,000","2,565,000,000","3,596,000,000",,"5,767,000,000","289,000,000","318,000,000","29,000,000",,"-11,000,000","-33,000,000",,,,,"22,000,000","6,045,000,000","984,000,000","5,061,000,000","5,061,000,000","5,061,000,000","5,061,000,000",,0,,"5,061,000,000",0.368,0.363,"13,752,711,890","13,968,794,412","5,767,000,000","16,684,000,000","5,061,000,000","5,088,621,000","318,000,000","29,000,000","289,000,000","6,074,000,000",,"8,699,000,000","1,596,000,000","5,061,000,000","-33,000,000","-33,000,000","7,703,000,000",0.163,"-5,379,000"
06/30/2016,"21,500,000,000","19,328,000,000","8,130,000,000","13,370,000,000","7,402,000,000","4,039,000,000","1,624,000,000",,"1,624,000,000","2,415,000,000","3,363,000,000",,"5,968,000,000","275,000,000","307,000,000","32,000,000",,"-124,000,000","-142,000,000",,,,,"18,000,000","6,119,000,000","1,242,000,000","4,877,000,000","4,877,000,000","4,877,000,000","4,877,000,000",,0,,"4,877,000,000",0.356,0.35,"13,718,700,560","13,936,934,425","5,968,000,000","15,532,000,000","4,877,000,000","4,990,174,000","307,000,000","32,000,000","275,000,000","6,151,000,000",,"8,130,000,000","1,490,000,000","4,877,000,000","-142,000,000","-142,000,000","7,783,000,000",0.203,"-28,826,000"
03/31/2016,"20,257,000,000","18,186,000,000","7,648,000,000","12,609,000,000","7,267,000,000","3,900,000,000","1,513,000,000",,"1,513,000,000","2,387,000,000","3,367,000,000",,"5,342,000,000","240,000,000","270,000,000","30,000,000",,"-453,000,000","-466,000,000",,,,,"13,000,000","5,129,000,000","922,000,000","4,207,000,000","4,207,000,000","4,207,000,000","4,207,000,000",,,,"4,207,000,000",0.306,0.301,"13,748,360,514","13,986,214,405","5,342,000,000","14,915,000,000","4,207,000,000","4,589,120,000","270,000,000","30,000,000","240,000,000","5,159,000,000",,"7,648,000,000","1,371,000,000","4,207,000,000","-466,000,000","-466,000,000","6,996,000,000",0.18,"-83,880,000"
12/31/2015,"21,329,000,000","19,526,000,000","8,188,000,000","13,141,000,000","7,761,000,000","4,251,000,000","1,572,000,000",,"1,572,000,000","2,679,000,000","3,510,000,000",,"5,380,000,000","248,000,000","274,000,000","26,000,000",,"-428,000,000","-463,000,000",,,,,"35,000,000","5,200,000,000","277,000,000","4,923,000,000","4,923,000,000","4,923,000,000","4,923,000,000",0,0,,"4,923,000,000",0.358,0.353,"13,751,391,147","13,940,494,423","5,380,000,000","15,949,000,000","4,923,000,000","5,361,336,346.154","274,000,000","26,000,000","248,000,000","5,226,000,000",,"8,188,000,000","1,404,000,000","4,923,000,000","-463,000,000","-463,000,000","7,093,000,000",0.053,"-24,663,653.846"
09/30/2015,"18,675,000,000","16,781,000,000","7,037,000,000","11,638,000,000","6,930,000,000","3,700,000,000","1,477,000,000",,"1,477,000,000","2,223,000,000","3,230,000,000",,"4,708,000,000","233,000,000","259,000,000","26,000,000","-183,000,000","-50,000,000","-99,000,000",,,,,"49,000,000","4,891,000,000","912,000,000","3,979,000,000","3,979,000,000","3,979,000,000","3,979,000,000",0,0,,"3,979,000,000",0.29,0.287,"13,720,684,167","13,886,374,445","4,708,000,000","13,967,000,000","3,979,000,000","4,059,586,000","259,000,000","26,000,000","233,000,000","4,917,000,000",,"7,037,000,000","1,248,000,000","3,979,000,000","-99,000,000","-99,000,000","6,264,000,000",0.186,"-18,414,000"
06/30/2015,"17,727,000,000","16,023,000,000","6,583,000,000","11,144,000,000","6,319,000,000","3,530,000,000","1,450,000,000",,"1,450,000,000","2,080,000,000","2,789,000,000",,"4,825,000,000","214,000,000","240,000,000","26,000,000","-131,000,000","-83,000,000","-116,000,000",,,,,"33,000,000","4,956,000,000","1,025,000,000","3,409,000,000","3,931,000,000","3,931,000,000","3,931,000,000",0,"522,000,000",,"3,409,000,000",0.25,0.247,"13,663,321,188","13,829,609,073","4,825,000,000","12,902,000,000","3,931,000,000","4,022,988,000","240,000,000","26,000,000","214,000,000","4,982,000,000",,"6,583,000,000","1,234,000,000","3,931,000,000","-116,000,000","-116,000,000","6,332,000,000",0.207,"-24,012,000"
03/31/2015,"17,258,000,000","15,508,000,000","6,356,000,000","10,902,000,000","6,455,000,000","3,702,000,000","1,637,000,000",,"1,637,000,000","2,065,000,000","2,753,000,000",,"4,447,000,000","200,000,000","226,000,000","26,000,000","-157,000,000","-43,000,000","-30,000,000",,,,,"-13,000,000","4,604,000,000","1,018,000,000","3,586,000,000","3,586,000,000","3,586,000,000","3,586,000,000",0,,,"3,586,000,000",0.264,0.26,"13,618,294,552","13,789,954,484","4,447,000,000","12,811,000,000","3,586,000,000","3,609,370,000","226,000,000","26,000,000","200,000,000","4,630,000,000",,"6,356,000,000","1,177,000,000","3,586,000,000","-30,000,000","-30,000,000","5,837,000,000",0.221,"-6,630,000"
12/31/2014,"18,103,000,000","16,149,000,000","6,921,000,000","11,182,000,000","6,783,000,000","3,970,000,000","1,593,000,000",,"1,593,000,000","2,377,000,000","2,813,000,000",,"4,399,000,000","197,000,000","222,000,000","25,000,000","-128,000,000","-69,000,000","-100,000,000",,,,,"31,000,000","4,527,000,000","737,000,000","4,757,000,000","4,757,000,000","4,757,000,000","3,790,000,000","967,000,000",,,"4,757,000,000",0.351,0.346,"13,578,854,568","13,769,814,492","4,399,000,000","13,704,000,000","4,757,000,000","3,873,719,902.805","222,000,000","25,000,000","197,000,000","4,552,000,000",,"6,921,000,000","1,267,000,000","3,790,000,000","-100,000,000","-100,000,000","5,919,000,000",0.163,"-16,280,097.195"
09/30/2014,"16,523,000,000","14,682,000,000","6,695,000,000","9,828,000,000","6,104,000,000","3,449,000,000","1,365,000,000",,"1,365,000,000","2,084,000,000","2,655,000,000",,"3,724,000,000","162,000,000","187,000,000","25,000,000","-133,000,000","-29,000,000","-48,000,000",,,,,"19,000,000","3,857,000,000","859,000,000","2,813,000,000","2,813,000,000","2,813,000,000","2,998,000,000","-185,000,000",,,"2,813,000,000",0.208,0.205,"13,541,934,583","13,764,294,494","3,724,000,000","12,799,000,000","2,813,000,000","3,035,296,000","187,000,000","25,000,000","162,000,000","3,882,000,000",,"6,695,000,000","1,547,000,000","2,998,000,000","-48,000,000","-48,000,000","5,477,000,000",0.223,"-10,704,000"
06/30/2014,"15,955,000,000","14,359,000,000","6,114,000,000","9,841,000,000","5,583,000,000","3,345,000,000","1,404,000,000",,"1,404,000,000","1,941,000,000","2,238,000,000",,"4,258,000,000","142,000,000","169,000,000","27,000,000","-145,000,000","3,000,000","-1,000,000",,,,,"4,000,000","4,403,000,000","913,000,000","3,422,000,000","3,422,000,000","3,422,000,000","3,490,000,000","-68,000,000",,,"3,422,000,000",0.254,0.25,"13,502,294,599","13,727,254,509","4,258,000,000","11,697,000,000","3,422,000,000","3,490,793,000","169,000,000","27,000,000","142,000,000","4,430,000,000",,"6,114,000,000","1,079,000,000","3,490,000,000","-1,000,000","-1,000,000","5,510,000,000",0.207,"-207,000"
03/31/2014,"15,420,000,000","13,866,000,000","5,961,000,000","9,459,000,000","5,344,000,000","3,218,000,000","1,489,000,000",,"1,489,000,000","1,729,000,000","2,126,000,000",,"4,115,000,000","144,000,000","168,000,000","24,000,000","-357,000,000","213,000,000","185,000,000",,,,,"28,000,000","4,472,000,000","822,000,000","3,452,000,000","3,452,000,000","3,452,000,000","3,650,000,000","-198,000,000",,,"3,452,000,000",0.513,0.504,"6,725,867,309","6,852,117,259","4,115,000,000","11,305,000,000","3,452,000,000","3,499,040,000","168,000,000","24,000,000","144,000,000","4,496,000,000",,"5,961,000,000","1,086,000,000","3,650,000,000","185,000,000","185,000,000","5,397,000,000",0.184,"34,040,000"
12/31/2013,"16,858,000,000","15,148,000,000","7,438,000,000","9,420,000,000","5,498,000,000","3,387,000,000","1,261,000,000",,"1,261,000,000","2,126,000,000","2,111,000,000",,"3,922,000,000","194,000,000","215,000,000","21,000,000","-125,000,000","-69,000,000","-85,000,000",,0,,0,"16,000,000","4,047,000,000","666,000,000","3,376,000,000","3,376,000,000","3,376,000,000","3,381,000,000","-5,000,000",,,"3,376,000,000",0.504,0.495,"6,696,717,321","6,820,057,271","3,922,000,000","12,936,000,000","3,376,000,000","3,452,011,860.638","215,000,000","21,000,000","194,000,000","4,068,000,000",,"7,438,000,000","1,036,000,000","3,381,000,000","-85,000,000","-85,000,000","5,189,000,000",0.165,"-13,988,139.362"
09/30/2013,"14,893,000,000","13,726,000,000","6,413,000,000","8,480,000,000","5,036,000,000","3,019,000,000","1,213,000,000",,"1,213,000,000","1,806,000,000","2,017,000,000",,"3,444,000,000","179,000,000","201,000,000","22,000,000","-24,000,000","-155,000,000","-179,000,000",,0,,0,"24,000,000","3,468,000,000","513,000,000","2,970,000,000","2,970,000,000","2,970,000,000","2,955,000,000","15,000,000",,,"2,970,000,000",0.445,0.438,"6,672,317,331","6,784,697,286","3,444,000,000","11,449,000,000","2,970,000,000","3,107,508,000","201,000,000","22,000,000","179,000,000","3,490,000,000",,"6,413,000,000","974,000,000","2,955,000,000","-179,000,000","-179,000,000","4,643,000,000",0.148,"-26,492,000"
06/30/2013,"14,105,000,000","13,059,000,000","6,063,000,000","8,042,000,000","4,919,000,000","2,932,000,000","1,197,000,000",,"1,197,000,000","1,735,000,000","1,987,000,000",,"3,123,000,000","167,000,000","186,000,000","19,000,000","-247,000,000","80,000,000","96,000,000",,"-31,000,000",,"-31,000,000","15,000,000","3,370,000,000","816,000,000","3,228,000,000","3,228,000,000","3,228,000,000","2,554,000,000","674,000,000",,,"3,228,000,000",0.486,0.477,"6,649,597,340","6,766,737,293","3,123,000,000","10,982,000,000","3,228,000,000","2,504,730,000","186,000,000","19,000,000","167,000,000","3,389,000,000",,"6,063,000,000","1,030,000,000","2,554,000,000","65,000,000","65,000,000","4,354,000,000",0.242,"15,730,000"
03/31/2013,"13,969,000,000","12,920,000,000","5,944,000,000","8,025,000,000","4,548,000,000","2,711,000,000","1,125,000,000",,"1,125,000,000","1,586,000,000","1,837,000,000",,"3,477,000,000","162,000,000","183,000,000","21,000,000","-134,000,000","-28,000,000","-10,000,000",,,,,"-18,000,000","3,611,000,000","287,000,000","3,346,000,000","3,346,000,000","3,346,000,000","3,324,000,000","22,000,000",,,"3,346,000,000",0.507,0.497,"6,609,077,356","6,733,257,306","3,477,000,000","10,492,000,000","3,346,000,000","3,333,210,000","183,000,000","21,000,000","162,000,000","3,632,000,000",,"5,944,000,000","899,000,000","3,324,000,000","-10,000,000","-10,000,000","4,541,000,000",0.079,"-790,000"
12/31/2012,"13,215,000,000","10,862,000,000","5,278,000,000","7,937,000,000","4,505,000,000","2,747,000,000","1,066,000,000",,"1,066,000,000","1,681,000,000","1,758,000,000",,"3,432,000,000","158,000,000","179,000,000","21,000,000","-152,000,000","-5,000,000","-21,000,000",,"-42,000,000",,0,"152,000,000","3,585,000,000","648,000,000","2,886,000,000","2,886,000,000","2,886,000,000","2,937,000,000","-21,000,000",,,"2,886,000,000",0.439,0.431,"6,587,257,365","6,699,537,320","3,432,000,000","9,783,000,000","2,886,000,000","2,988,612,552.301","179,000,000","21,000,000","158,000,000","3,606,000,000",,"5,278,000,000","953,000,000","2,937,000,000","-63,000,000","-63,000,000","4,622,000,000",0.181,"-11,387,447.699"
09/30/2012,"14,101,000,000","14,101,000,000","6,554,000,000","7,547,000,000","4,811,000,000","2,802,000,000","1,042,000,000",,"1,042,000,000","1,760,000,000","2,009,000,000",,"2,736,000,000","151,000,000","172,000,000","21,000,000",,"-88,000,000","-111,000,000",,"23,000,000","-23,000,000",0,,"2,799,000,000","623,000,000","2,176,000,000","2,176,000,000","2,176,000,000","2,176,000,000",,,,"2,176,000,000",0.332,0.327,"6,555,697,377","6,666,277,333","2,736,000,000","11,365,000,000","2,176,000,000","2,244,413,004.645","172,000,000","21,000,000","151,000,000","2,820,000,000",,"6,554,000,000","828,000,000","2,176,000,000","-88,000,000","-88,000,000","3,736,000,000",0.223,"-19,586,995.355"
06/30/2012,"12,214,000,000","12,214,000,000","5,013,000,000","7,201,000,000","3,998,000,000","2,413,000,000","980,000,000",,"980,000,000","1,433,000,000","1,585,000,000",,"3,203,000,000","158,000,000","180,000,000","22,000,000",,"96,000,000","-94,000,000",,"190,000,000","-2,000,000","188,000,000",,"3,457,000,000","672,000,000","2,785,000,000","2,785,000,000","2,785,000,000","2,785,000,000",,,,"2,785,000,000",0.427,0.421,"6,525,437,389","6,615,857,353","3,203,000,000","9,011,000,000","2,785,000,000","2,707,661,266.995","180,000,000","22,000,000","158,000,000","3,479,000,000",,"5,013,000,000","670,000,000","2,785,000,000","96,000,000","96,000,000","4,053,000,000",0.194,"18,661,266.995"
03/31/2012,"10,645,000,000","10,645,000,000","3,789,000,000","6,856,000,000","3,467,000,000","2,026,000,000","757,000,000",,"757,000,000","1,269,000,000","1,441,000,000",,"3,389,000,000","162,000,000","182,000,000","20,000,000",,"-6,000,000","-23,000,000",,"17,000,000",,,,"3,545,000,000","655,000,000","2,890,000,000","2,890,000,000","2,890,000,000","2,890,000,000",,,,"2,890,000,000",0.444,0.438,"6,505,977,397","6,602,717,358","3,389,000,000","7,256,000,000","2,890,000,000","2,894,891,396.333","182,000,000","20,000,000","162,000,000","3,565,000,000",,"3,789,000,000","511,000,000","2,890,000,000","-6,000,000","-6,000,000","4,082,000,000",0.185,"-1,108,603.667"
12/31/2011,"10,583,000,000","10,583,000,000","3,703,000,000","6,880,000,000","3,373,000,000","2,572,000,000","1,305,000,000",,"1,305,000,000","1,267,000,000","1,301,000,000",,"3,507,000,000","179,000,000","199,000,000","20,000,000",,"-197,000,000","-112,000,000",,"-85,000,000",,,,"3,489,000,000","785,000,000","2,704,000,000","2,704,000,000","2,704,000,000","2,704,000,000",,,,"2,704,000,000",,,,,"3,507,000,000","7,076,000,000","2,704,000,000","2,856,676,411.579","199,000,000","20,000,000","179,000,000","3,509,000,000",,"3,703,000,000","503,000,000","2,704,000,000","-197,000,000","-197,000,000","4,209,000,000",0.225,"-44,323,588.421"
09/30/2011,"9,720,000,000","9,720,000,000","3,378,000,000","6,342,000,000","3,284,000,000","1,880,000,000","676,000,000","499,000,000","676,000,000","1,204,000,000","1,404,000,000",,"3,058,000,000","190,000,000","211,000,000","21,000,000",,"112,000,000","85,000,000",,"27,000,000",,,,"3,360,000,000","631,000,000","2,729,000,000","2,729,000,000","2,729,000,000","2,729,000,000",,,,"2,729,000,000",0.422,0.417,"6,463,097,414","6,548,777,380","3,058,000,000","6,662,000,000","2,729,000,000","2,638,033,333.333","211,000,000","21,000,000","190,000,000","3,381,000,000",,"3,378,000,000","492,000,000","2,729,000,000","112,000,000","112,000,000","3,761,000,000",0.188,"21,033,333.333"
06/30/2011,"9,026,000,000","9,026,000,000","3,172,000,000","5,854,000,000","2,973,000,000","1,739,000,000","648,000,000",,"648,000,000","1,091,000,000","1,234,000,000",,"2,881,000,000","212,000,000","212,000,000",,,"-8,000,000","75,000,000",,"-83,000,000",,,,"3,085,000,000","580,000,000","2,505,000,000","2,505,000,000","2,505,000,000","2,505,000,000",,,,"2,505,000,000",0.389,0.384,"6,444,557,422","6,520,717,391","2,881,000,000","6,145,000,000","2,505,000,000","2,511,495,948.136","212,000,000",,"212,000,000","2,881,000,000",,"3,172,000,000","455,000,000","2,505,000,000","-8,000,000","-8,000,000","3,344,000,000",0.188,"-1,504,051.864"
03/31/2011,"8,575,000,000","8,575,000,000","2,936,000,000","5,639,000,000","3,343,000,000","1,617,000,000","591,000,000",,"591,000,000","1,026,000,000","1,226,000,000","500,000,000","2,296,000,000","190,000,000","190,000,000",,,"-94,000,000","27,000,000",,"-121,000,000",,,,"2,392,000,000","594,000,000","1,798,000,000","1,798,000,000","1,798,000,000","1,798,000,000",,,,"1,798,000,000",0.28,0.276,"6,430,537,427","6,527,657,388","2,296,000,000","6,279,000,000","1,798,000,000","1,868,657,190.635","190,000,000",,"190,000,000","2,296,000,000",,"2,936,000,000","401,000,000","1,798,000,000","-94,000,000","-94,000,000","2,791,000,000",0.248,"-23,342,809.365"
12/31/2010,"8,440,000,000","8,440,000,000","2,946,000,000","5,494,000,000","2,512,000,000","1,461,000,000","559,000,000",,"559,000,000","902,000,000","1,051,000,000",,"2,982,000,000","176,000,000","176,000,000",,,"-16,000,000","-300,000,000",,"284,000,000",,,,"3,142,000,000","599,000,000","2,543,000,000","2,543,000,000","2,543,000,000","2,543,000,000",,,,"2,543,000,000",0.398,0.391,"6,398,917,440","6,510,717,395","2,982,000,000","5,458,000,000","2,543,000,000","2,555,949,713.558","176,000,000",,"176,000,000","2,982,000,000",,"2,946,000,000","381,000,000","2,543,000,000","-16,000,000","-16,000,000","3,379,000,000",0.191,"-3,050,286.442"
09/30/2010,"7,286,000,000","7,286,000,000","2,552,000,000","4,734,000,000","2,187,000,000","1,193,000,000","532,000,000",,"532,000,000","661,000,000","994,000,000",,"2,547,000,000","172,000,000","172,000,000",,,"-5,000,000","62,000,000",,"-67,000,000",,,,"2,714,000,000","547,000,000","2,167,000,000","2,167,000,000","2,167,000,000","2,167,000,000",,,,"2,167,000,000",0.34,0.336,"6,372,337,451","6,447,537,420","2,547,000,000","4,739,000,000","2,167,000,000","2,170,992,262.343","172,000,000",,"172,000,000","2,547,000,000",,"2,552,000,000","342,000,000","2,167,000,000","-5,000,000","-5,000,000","2,894,000,000",0.202,"-1,007,737.657"
06/30/2010,"6,820,000,000","6,820,000,000","2,467,000,000","4,353,000,000","1,988,000,000","1,090,000,000","461,000,000",,"461,000,000","629,000,000","898,000,000",,"2,365,000,000","136,000,000","136,000,000",,,"-67,000,000","-63,000,000",,"-4,000,000",,,,"2,434,000,000","594,000,000","1,840,000,000","1,840,000,000","1,840,000,000","1,840,000,000",,,,"1,840,000,000",0.289,0.286,"6,366,997,453","6,449,717,420","2,365,000,000","4,455,000,000","1,840,000,000","1,890,649,137.223","136,000,000",,"136,000,000","2,365,000,000",,"2,467,000,000","342,000,000","1,840,000,000","-67,000,000","-67,000,000","2,774,000,000",0.244,"-16,350,862.777"
03/31/2010,"6,775,000,000","6,775,000,000","2,452,000,000","4,323,000,000","1,835,000,000","1,017,000,000","410,000,000",,"410,000,000","607,000,000","818,000,000",,"2,488,000,000","95,000,000","95,000,000",,,"-77,000,000","-80,000,000",,"3,000,000",,,,"2,506,000,000","551,000,000","1,955,000,000","1,955,000,000","1,955,000,000","1,955,000,000",,,,"1,955,000,000",0.308,0.303,"6,357,897,456","6,452,157,419","2,488,000,000","4,287,000,000","1,955,000,000","2,015,069,832.402","95,000,000",,"95,000,000","2,488,000,000",,"2,452,000,000","331,000,000","1,955,000,000","-77,000,000","-77,000,000","2,896,000,000",0.22,"-16,930,167.598"
12/31/2009,"6,673,825,000","6,673,825,000","2,408,400,000","4,265,425,000","1,784,442,000","1,048,208,000","465,059,000",,"465,059,000","583,149,000","736,234,000",,"2,480,983,000","66,862,000","66,862,000",,,"20,826,000","15,945,000",,"4,881,000",,,,"2,568,671,000","594,571,000","1,974,100,000","1,974,100,000","1,974,100,000","1,974,100,000",,,,"1,974,100,000",,,,,"2,480,983,000","4,192,842,000","1,974,100,000","1,958,094,600.087","66,862,000",,"66,862,000","2,480,983,000",,"2,408,400,000","365,506,000","1,974,100,000","20,826,000","20,826,000","2,825,663,000",0.231,"4,820,600.087"
09/30/2009,"5,944,851,000","5,944,851,000","2,226,240,000","3,718,611,000","1,644,893,000","887,369,000","389,557,000",,"389,557,000","497,812,000","757,524,000",,"2,073,718,000","46,702,000","46,702,000",,,"-53,879,000","-54,510,000",,"631,000",,,,"2,066,541,000","427,566,000","1,638,975,000","1,638,975,000","1,638,975,000","1,638,975,000",,,,"1,638,975,000",0.259,0.257,"6,329,937,468","6,394,917,442","2,073,718,000","3,871,133,000","1,638,975,000","1,681,706,469.651","46,702,000",,"46,702,000","2,073,718,000",,"2,226,240,000","378,623,000","1,638,975,000","-53,879,000","-53,879,000","2,506,220,000",0.207,"-11,147,530.349"
06/30/2009,"5,522,897,000","5,522,897,000","2,107,971,000","3,414,926,000","1,541,032,000","833,406,000","364,367,000",,"364,367,000","469,039,000","707,626,000",,"1,873,894,000","50,017,000","50,017,000",,,"-26,767,000","-24,351,000",,"-2,416,000",,,,"1,856,176,000","371,631,000","1,484,545,000","1,484,545,000","1,484,545,000","1,484,545,000",,,,"1,484,545,000",0.235,0.233,"6,318,017,472","6,370,717,451","1,873,894,000","3,649,003,000","1,484,545,000","1,505,952,892.363","50,017,000",,"50,017,000","1,873,894,000",,"2,107,971,000","376,957,000","1,484,545,000","-26,767,000","-26,767,000","2,277,618,000",0.2,"-5,359,107.637"
03/31/2009,"5,508,990,000","5,508,990,000","2,101,504,000","3,407,486,000","1,523,895,000","882,252,000","448,311,000",,"448,311,000","433,941,000","641,643,000",,"1,883,591,000","66,092,000","66,092,000",,,"-59,882,000","-59,156,000",,"-726,000",,,,"1,889,801,000","466,973,000","1,422,828,000","1,422,828,000","1,422,828,000","1,422,828,000",,,,"1,422,828,000",0.226,0.225,"6,305,037,477","6,344,417,462","1,883,591,000","3,625,399,000","1,422,828,000","1,467,913,057.261","66,092,000",,"66,092,000","1,883,591,000",,"2,101,504,000","403,222,000","1,422,828,000","-59,882,000","-59,882,000","2,346,695,000",0.247,"-14,796,942.739"
12/31/2008,"5,700,904,000","5,700,904,000","2,190,005,000","3,510,899,000","1,650,694,000","917,353,000","411,361,000",,"411,361,000","505,992,000","733,341,000",,"1,860,205,000","88,447,000","88,447,000",,,"-1,113,305,000","-19,957,000",,"-1,093,348,000",,,,"835,347,000","452,905,000","382,442,000","382,442,000","382,442,000","382,442,000",,,,"382,442,000",,,,,"1,860,205,000","3,840,699,000","382,442,000","1,106,090,250","88,447,000",,"88,447,000","1,860,205,000",,"2,190,005,000","385,510,000","382,442,000","-1,113,305,000","-1,113,305,000","3,359,020,000",0.35,"-389,656,750"
09/30/2008,"5,541,391,000","5,541,391,000","2,173,390,000","3,368,001,000","1,720,436,000","1,015,865,000","507,064,000",,"507,064,000","508,801,000","704,571,000",,"1,647,565,000","90,996,000","90,996,000",,,"-69,779,000","-70,531,000",,"752,000",,,,"1,668,782,000","378,844,000","1,289,938,000","1,289,938,000","1,289,938,000","1,289,938,000",,,,"1,289,938,000",0.205,0.203,"6,284,817,486","6,355,517,457","1,647,565,000","3,893,826,000","1,289,938,000","1,343,875,892.248","90,996,000",,"90,996,000","1,647,565,000",,"2,173,390,000","386,246,000","1,289,938,000","-69,779,000","-69,779,000","2,103,590,000",0.227,"-15,841,107.752"
06/30/2008,"5,367,212,000","5,367,212,000","2,147,575,000","3,219,637,000","1,641,672,000","959,462,000","474,910,000",,"474,910,000","484,552,000","682,210,000",,"1,577,965,000","88,086,000","88,086,000",,,"-30,163,000","-35,481,000",,"5,318,000",,,,"1,635,888,000","388,497,000","1,247,391,000","1,247,391,000","1,247,391,000","1,247,391,000",,,,"1,247,391,000",0.199,0.196,"6,276,337,489","6,360,457,455","1,577,965,000","3,789,247,000","1,247,391,000","1,270,390,774.271","88,086,000",,"88,086,000","1,577,965,000",,"2,147,575,000","391,607,000","1,247,391,000","-30,163,000","-30,163,000","1,999,735,000",0.237,"-7,163,225.729"
03/31/2008,"5,186,043,000","5,186,043,000","2,110,536,000","3,075,507,000","1,529,272,000","856,203,000","409,305,000",,"409,305,000","446,898,000","673,069,000",,"1,546,235,000","121,616,000","122,003,000","387,000",,"45,727,000","46,571,000",,"-844,000","844,000",,,"1,713,578,000","406,492,000","1,307,086,000","1,307,086,000","1,307,086,000","1,307,086,000",,,,"1,307,086,000",0.209,0.206,"6,262,577,494","6,347,837,460","1,546,235,000","3,639,808,000","1,307,086,000","1,272,206,279.601","122,003,000","387,000","121,616,000","1,713,965,000",,"2,110,536,000","336,524,000","1,307,086,000","45,727,000","45,727,000","2,004,762,000",0.237,"10,847,279.601"
12/31/2007,"4,826,679,000","4,826,679,000","1,955,824,000","2,870,855,000","1,430,121,000","799,338,000","377,048,000",,"377,048,000","422,290,000","630,783,000",,"1,440,734,000","144,460,000","144,631,000","171,000",,"22,833,000",,,"22,833,000",,,,"1,608,027,000","401,578,000","1,206,449,000","1,206,449,000","1,206,449,000","1,206,449,000",,,,"1,206,449,000",,,,,"1,440,734,000","3,385,945,000","1,206,449,000","1,189,318,162.012","144,631,000","171,000","144,460,000","1,608,198,000",,"1,955,824,000","289,936,000","1,206,449,000","22,833,000","22,833,000","1,875,301,000",0.25,"5,702,162.012"
09/30/2007,"4,231,351,000","4,231,351,000","1,662,579,000","2,568,772,000","1,250,930,000","702,218,000","321,398,000",,"321,398,000","380,820,000","548,712,000",,"1,317,842,000","145,668,000","146,114,000","446,000",,"8,760,000",,,"8,760,000",,,,"1,472,270,000","402,281,000","1,069,989,000","1,069,989,000","1,069,989,000","1,069,989,000",,,,"1,069,989,000",0.172,0.169,"6,224,417,510","6,331,517,467","1,317,842,000","2,913,509,000","1,069,989,000","1,063,622,570.174","146,114,000","446,000","145,668,000","1,472,716,000",,"1,662,579,000","249,375,000","1,069,989,000","8,760,000","8,760,000","1,713,331,000",0.273,"2,393,570.174"
06/30/2007,"3,871,985,000","3,871,985,000","1,560,255,000","2,311,730,000","1,207,115,000","675,009,000","319,405,000",,"319,405,000","355,604,000","532,106,000",,"1,104,615,000","137,740,000","137,984,000","244,000",,"-610,000",,,"-610,000",,,,"1,241,745,000","316,625,000","925,120,000","925,120,000","925,120,000","925,120,000",,,,"925,120,000",0.149,0.147,"6,208,717,516","6,309,377,476","1,104,615,000","2,767,370,000","925,120,000","925,574,459.813","137,984,000","244,000","137,740,000","1,241,989,000",,"1,560,255,000","223,355,000","925,120,000","-610,000","-610,000","1,465,954,000",0.255,"-155,540.187"
03/31/2007,"3,663,971,000","3,663,971,000","1,470,426,000","2,193,545,000","972,336,000","563,952,000","261,400,000",,"261,400,000","302,552,000","408,384,000",,"1,221,209,000","130,133,000","130,475,000","342,000",,"595,000",,,"595,000",,,,"1,351,937,000","349,775,000","1,002,162,000","1,002,162,000","1,002,162,000","1,002,162,000",,,,"1,002,162,000",0.162,0.159,"6,186,297,525","6,297,397,481","1,221,209,000","2,442,762,000","1,002,162,000","1,001,720,939.218","130,475,000","342,000","130,133,000","1,352,279,000",,"1,470,426,000","204,992,000","1,002,162,000","595,000","595,000","1,556,676,000",0.259,"153,939.218"
12/31/2006,"3,205,498,000","3,205,498,000","1,283,148,000","1,922,350,000","861,756,000","474,950,000",,,,,"386,806,000",,"1,060,594,000",,,,,"2,469,000",,,"2,469,000",,,,"1,184,734,000","154,017,000","1,030,717,000","1,030,717,000","1,030,717,000","1,030,717,000",,,,"1,030,717,000",,,,,"1,060,594,000","2,144,904,000","1,030,717,000","1,028,568,973.293",,,,"723,484,000",,"1,283,148,000","189,250,000","1,030,717,000","2,469,000","2,469,000","910,265,000",0.13,"320,973.293"
09/30/2006,"2,689,673,000","2,689,673,000","1,048,728,000","1,640,945,000","709,614,000","396,982,000","190,010,000",,"190,010,000","206,972,000","312,632,000",,"931,331,000","108,209,000","108,230,000","21,000",,"-29,000",,,"-29,000",,,,"1,039,511,000","306,150,000","733,361,000","733,361,000","733,361,000","733,361,000",,,,"733,361,000",0.121,0.118,"6,067,997,572","6,211,477,515","931,331,000","1,758,342,000","733,361,000","733,381,459.109","108,230,000","21,000","108,209,000","1,039,532,000",,"1,048,728,000","145,310,000","733,361,000","-29,000","-29,000","1,184,871,000",0.295,"-8,540.891"
06/30/2006,"2,455,991,000","2,455,991,000","989,032,000","1,466,959,000","651,587,000","369,035,000",,,,,"282,552,000",,"815,372,000",,,,,"57,795,000",,,"57,795,000",,,,"976,177,000","255,100,000","721,077,000","721,077,000","721,077,000","721,077,000",,,,"721,077,000",0.12,0.117,"6,028,197,588","6,200,757,519","815,372,000","1,640,619,000","721,077,000","678,385,310.67",,,,"815,372,000",,"989,032,000","126,221,000","721,077,000","57,795,000","57,795,000","883,798,000",0.261,"15,103,310.67"
03/31/2006,"2,253,755,000","2,253,755,000","904,119,000","1,349,636,000","606,937,000","360,338,000",,,,,"246,599,000",,"742,699,000",,,,,,,,,,,,"810,618,000","218,327,000","592,291,000","592,291,000","592,291,000","592,291,000",,,,"592,291,000",0.101,0.098,"5,877,917,648","6,082,457,567","742,699,000","1,511,056,000","592,291,000","592,291,000",,,,"742,699,000",,"904,119,000","111,158,000","592,291,000",,,"853,857,000",0.269,0
12/31/2005,"1,919,092,000","1,919,092,000","775,381,000","1,143,711,000","574,072,000","327,000,000",,,,,"157,072,000",,"569,639,000",,,,,,,,,,,,"639,833,000","267,625,000","372,208,000","372,208,000","372,208,000","372,208,000",,,,"372,208,000",,,,,"569,639,000","1,349,453,000","372,208,000","372,208,000",,,,"569,639,000",,"775,381,000","94,725,000","372,208,000",,,"664,364,000",0.4,0
09/30/2005,"1,578,456,000","1,578,456,000","653,826,000","924,630,000","395,459,000","243,738,000",,,,,"151,721,000",,"529,171,000",,,,,,,,,,,,"549,968,000","168,786,000","381,182,000","381,182,000","381,182,000","381,182,000",,,,"381,182,000",0.07,0.066,"5,502,597,798","5,793,457,682","529,171,000","1,049,285,000","381,182,000","381,182,000",,,,"529,171,000",,"653,826,000","75,965,000","381,182,000",,,"605,136,000",0.307,0
06/30/2005,"1,384,495,000","1,384,495,000","597,095,000","787,400,000","311,702,000","215,930,000",,,,,"95,772,000",,"475,698,000",,,,,,,,,,,,"495,420,000","152,606,000","342,814,000","342,814,000","342,814,000","342,814,000",,,,"342,814,000",0.064,0.06,"5,414,577,834","5,744,757,702","475,698,000","908,797,000","342,814,000","342,814,000",,,,"475,698,000",,"597,095,000","66,929,000","342,814,000",,,"542,627,000",0.308,0
03/31/2005,"1,256,516,000","1,256,516,000","545,208,000","711,308,000","268,538,000","189,126,000",,,,,"79,412,000",,"442,770,000",,,,,,,,,,,,"456,456,000","87,263,000","369,193,000","369,193,000","369,193,000","369,193,000",,,,"369,193,000",0.07,0.065,"5,322,117,871","5,732,237,707","442,770,000","813,746,000","369,193,000","369,193,000",,,,"442,770,000",,"545,208,000","56,193,000","369,193,000",,,"498,963,000",0.191,0
12/31/2004,"1,031,501,000","1,031,501,000","453,779,000","577,722,000","274,923,000","187,481,000",,,,,"87,442,000",0,"302,799,000",,,,,0,,,0,,,,"310,173,000","106,073,000","204,100,000","204,100,000","204,100,000","204,100,000",,,,"204,100,000",,,,,"302,799,000","728,702,000","204,100,000","204,100,000",,,,"302,799,000",,"453,779,000","52,460,000","204,100,000",0,0,"355,259,000",0.342,0
09/30/2004,"805,887,000","805,887,000","362,099,000","443,788,000","432,676,000","174,267,000",,,,,"57,409,000","201,000,000","11,112,000",,,,,"-201,000,000",,,"-201,000,000",,,,"14,978,000","-37,005,000","51,983,000","51,983,000","51,983,000","51,983,000",,,,"51,983,000",0.013,0.01,"4,100,138,359","5,494,697,802","11,112,000","794,775,000","51,983,000","172,583,000",,,,"11,112,000",,"362,099,000","41,326,000","51,983,000","-201,000,000","-201,000,000","253,438,000",0.4,"-80,400,000"
06/30/2004,"700,212,000","700,212,000","326,377,000","373,835,000","-155,419,000","157,115,000",,,,,"45,762,000","-358,296,000","529,254,000",,,,,,,,,,,,"169,460,000","90,397,000","79,063,000","79,063,000","79,063,000","79,063,000",,,,"79,063,000",0.026,0.015,"3,108,818,756","5,325,257,869","529,254,000","170,958,000","79,063,000","79,063,000",,,,"529,254,000",,"326,377,000",,"79,063,000",,,"529,254,000",0.4,0
03/31/2004,"651,623,000","651,623,000","315,398,000","336,225,000","35,019,000",,,,,,"35,019,000",,"301,206,000",,,,,,,,,,,,"155,623,000","91,650,000","63,973,000","63,973,000","63,973,000","63,973,000",,,,"63,973,000",0.021,0.012,"3,046,332,115","5,331,081,201","155,323,000","350,417,000","63,973,000","63,973,000",,,,"301,206,000",,"315,398,000",,"63,973,000",,,"301,206,000",0.4,0
06/30/2003,"311,199,000","311,199,000","117,401,000","193,798,000","17,492,000",,,,,,"17,492,000",,"176,306,000",,,,,,,,,,,,"105,550,000","73,382,000","32,168,000","32,168,000","32,168,000","32,168,000",,,,"32,168,000",0.012,0.006,"2,714,198,914","5,147,217,941","104,784,000","134,893,000","32,168,000","32,168,000",,,,"176,306,000",,"117,401,000",,"32,168,000",,,"176,306,000",0.4,0